-- phpMyAdmin SQL Dump
-- version 4.7.7
-- https://www.phpmyadmin.net/
--
-- Servidor: localhost
-- Tiempo de generación: 20-03-2020 a las 19:38:35
-- Versión del servidor: 10.1.30-MariaDB
-- Versión de PHP: 5.6.33

SET SQL_MODE = "NO_AUTO_VALUE_ON_ZERO";
SET AUTOCOMMIT = 0;
START TRANSACTION;
SET time_zone = "+00:00";


/*!40101 SET @OLD_CHARACTER_SET_CLIENT=@@CHARACTER_SET_CLIENT */;
/*!40101 SET @OLD_CHARACTER_SET_RESULTS=@@CHARACTER_SET_RESULTS */;
/*!40101 SET @OLD_COLLATION_CONNECTION=@@COLLATION_CONNECTION */;
/*!40101 SET NAMES utf8mb4 */;

--
-- Base de datos: `tramites`
--

-- --------------------------------------------------------

--
-- Estructura de tabla para la tabla `requisitos`
--

CREATE TABLE `requisitos` (
  `id` int(11) NOT NULL,
  `id_tramite` int(11) NOT NULL,
  `requisito` varchar(250) COLLATE utf8_spanish2_ci NOT NULL,
  `documento` varchar(250) COLLATE utf8_spanish2_ci DEFAULT NULL,
  `original` int(11) NOT NULL,
  `copia` int(11) NOT NULL,
  `status` tinyint(4) NOT NULL DEFAULT '1'
) ENGINE=InnoDB DEFAULT CHARSET=utf8 COLLATE=utf8_spanish2_ci;

--
-- Volcado de datos para la tabla `requisitos`
--

INSERT INTO `requisitos` (`id`, `id_tramite`, `requisito`, `documento`, `original`, `copia`, `status`) VALUES
(1, 1, '1.- Formato unico para el Sistema de Apertura Rapida de empresas (FUSARE) debidamente llenado y firmado por el ciudadano', 'assets/requisitos/1/', 2, 2, 1),
(2, 2, '1.- Llenar Formato de Apertura de Establecimiento.', 'assets/requisitos/2/', 1, 1, 1),
(3, 2, '2.- Uso de suelo autorizado.', 'assets/requisitos/2/', 2, 1, 1),
(4, 2, '3.- Recibo predial pagado del año en curso', 'assets/requisitos/2/', 2, 1, 1),
(5, 2, '4.- Identificacion ofiaial', 'assets/requisitos/2/', 2, 1, 1),
(6, 2, '5.- Alta de Hacienda', 'assets/requisitos/2/', 2, 1, 1),
(7, 2, '4.- Identificacion Oficial', 'assets/requisitos/2/', 2, 1, 1),
(8, 2, '5.- Alta de Hacienda', 'assets/requisitos/2/', 2, 1, 1),
(9, 2, '6.- Comprobante de domicilio', 'assets/requisitos/2/', 2, 1, 1),
(10, 2, '7.- En su caso, copia de los dictamenes correspondientes.', 'assets/requisitos/2/', 2, 1, 1),
(11, 2, '8.- En caso de estar rentando copia del contrato de arrendamiento.', 'assets/requisitos/2/', 2, 1, 1),
(12, 2, '9.- En caso de razon social el formato debera de ser firmado por el representante legal y se anexara el acta constitutiva e identificacion oficial con', 'assets/requisitos/2/', 2, 1, 1),
(13, 2, '9.- En caso de ser razon social el formato debera de ser firmado por el representante legal y se anexara el acta constitutiva de la empresa e identifi', 'assets/requisitos/2/', 2, 1, 0),
(14, 4, 'Disposicion total de minimo 4 horas', 'assets/requisitos/4/', 1, 0, 1),
(15, 6, 'NO ACUDIR A SU TERAPIA O ASESORÍA JURÍDICA BAJO INFLUENCIA DE ALGUNA SUSTANCIA.', 'assets/requisitos/6/', 1, 0, 1),
(16, 3, 'NO ACUDIR A SU TALLER BAJO INFLUENCIA DE ALGUNA SUATNCIA', '', 1, 0, 1),
(17, 5, 'NO ACUDIR A SU TERAPIA O ASESORÍA PSICOLÓGICA BAJO INFLUENCIA DE ALGUNA SUSTANCIA', '', 1, 0, 1),
(18, 9, 'Pertenecer a Jesús María ', 'assets/requisitos/9/', 1, 0, 1),
(19, 11, '1.-Acta constitutiva y poder del representante legal(persona moral)', 'assets/requisitos/11/', 1, 1, 1),
(20, 11, '2.Identificación oficial', 'assets/requisitos/11/', 1, 1, 1),
(21, 1, '2.- Copia de identificacion oficial vigente con fotografia del arrendatario y arrendador.', '', 2, 2, 1),
(22, 1, '3.- Copia de escritura completa y/o constancia notarial en tramite.', '', 2, 2, 1),
(23, 1, '4.- Copia del recibo predial pagado del año en curso o comprobante de no adeudo.', '', 2, 2, 1),
(24, 1, '5.- Nùmero oficial y uso de suelo (Tramite que se realiza en ventanilla SARE)', '', 1, 2, 1),
(25, 1, '6.- En caso de estar rentando contrato de arrendamiento.', '', 2, 2, 1),
(26, 1, '7.- En caso de que el ciudadano no se presente a realizar deberà otorgar una cartas poder simple a una tercera persona para que gestione el tramite co', '', 2, 2, 1),
(27, 1, '8.- En caso de ser persona moral (empresa)se requiere el acta constitutiva de la empresa y poder notarial del representante legal con copia de su iden', '', 2, 2, 1),
(28, 11, '3. Comprobante de domicilio', '', 1, 1, 1),
(29, 11, '4.Registro Federal de Contribuyentes', '', 3, 1, 1),
(30, 11, '5. Ubicación del lugar donde se prestara el servicio ', '', 3, 1, 1),
(31, 11, '6. Depósito de fianza en base a dos meses de servicio ', '', 1, 1, 1),
(32, 11, '7. Pago de derechos', '', 1, 1, 1),
(33, 4, '2.- Libreta y boligrafo', '', 1, 0, 1),
(34, 4, 'prueba', '', 1, 1, 0),
(35, 4, 'test', '', 1, 2, 0),
(36, 14, '1.- Cotizaciones (mismas que deberan presentarse en hoja memebretada del proveedor)', 'assets/requisitos/14/', 1, 1, 1),
(37, 13, 'Presentar solicitud  por escrito', '', 3, 0, 1),
(38, 13, 'Se realiza un dictamen del predio o inmueble', '', 1, 1, 1),
(39, 13, 'Realizar pago de derechos.', '', 1, 0, 1),
(40, 16, 'Realizar pago correspondiente.', 'assets/requisitos/16/', 1, 0, 1),
(41, 14, '2.-Identificaciòn oficial con fotografia (pasaporte, licencia, cèdula, cartilla, certificado, carnet, gafet, membrecia, etc)', '', 1, 1, 1),
(42, 14, '3.- Acta de Nacimiento', '', 1, 1, 1),
(43, 17, '1. Título de propiedad original y al corriente en mantenimiento.', 'assets/requisitos/17/', 3, 1, 1),
(44, 14, '3.- Acta de nacimiento', '', 1, 1, 0),
(45, 17, '2. Previo pago en la Secretaria de Finanzas.', 'assets/requisitos/17/', 3, 1, 1),
(46, 14, '4.- Acta de matrimonio (en su caso y si fuera por bienes mancomunados, tambien los documentos anteriores del esposo)', '', 1, 1, 1),
(47, 14, '5.- Comprobante actualizado de domicilio particular y del negocio.', '', 1, 1, 1),
(48, 14, '6.- Garantìa Hipotecaria (casa-habitaciòn, departamento, terreno, local comercial, etc.), que este libre de gravamen y ubicada en territorio estatal. ', '', 1, 1, 1),
(49, 14, '7.- Garantìa prendaria (maquinaria o equipo industrial, vehiculos modelo 2002 en adelante), cobertura 2 a 1 sobre el monto solicitado.', '', 1, 1, 1),
(50, 14, '8.- O aval (se le pide los mismos documentos que al solicitante mas el recibo del pago del predial 2019 o un comprobante de ingresos). Unicammente en ', '', 1, 1, 1),
(51, 18, '1.- Copia del INE', 'assets/requisitos/18/', 1, 1, 1),
(52, 18, '2.-Copia del RFC', '', 1, 1, 1),
(53, 18, '3.- Copia de comprobante de domiclio', '', 1, 1, 1),
(54, 18, '4.- Contar con un correo electronico y contraseña.', '', 1, 1, 1),
(55, 18, '5.-Memoria USB', '', 1, 1, 1),
(56, 18, '6.- Registrarse a los telefonos antes mencionados', '', 1, 1, 1),
(57, 19, 'Titulo de propiedad de pago del año en curso.', 'assets/requisitos/19/', 1, 1, 1),
(58, 20, 'Segùn Convocatoria', 'assets/requisitos/20/', 1, 0, 1),
(59, 21, 'Título de propiedad', 'assets/requisitos/21/', 1, 1, 1),
(60, 21, 'Certificado medico de defunción', 'assets/requisitos/21/', 3, 1, 1),
(61, 22, 'Comprobante de domicilio, Curp, INE, si es menor de edad INE de mama o papa', 'assets/requisitos/22/', 1, 1, 1),
(62, 23, 'Título de propiedad', 'assets/requisitos/23/', 1, 1, 1),
(63, 23, 'Certificado medico de defunción.', 'assets/requisitos/23/', 3, 1, 1),
(64, 21, 'Identificacion oficial', '', 1, 1, 1),
(65, 21, 'Comprobante de domicilio', '', 2, 1, 1),
(66, 21, 'Realizar el pago correspondiente en efectivo.', '', 2, 1, 1),
(67, 23, 'Identificación oficial', '', 2, 1, 1),
(68, 23, 'Realizar el pago correspondiente en efectivo.', '', 2, 1, 1),
(69, 24, 'Título de propiedad(donde se encuentran los restos áridos a exhumar)', '', 2, 1, 1),
(70, 24, 'Acta de Defunción de los restos áridos a exhumar.', '', 2, 1, 1),
(71, 24, 'Carta de aprobación de exhumación,expedida por la Secretaria de Salud.', '', 2, 1, 1),
(72, 24, 'Cubrir con el pago correspondiente.', '', 3, 1, 1),
(73, 25, 'Titulo de propiedad(donde se encuentran los restos áridos a exhumar)', '', 2, 1, 1),
(74, 25, 'Acta de defunción de los restos áridos a exhumar.', '', 2, 1, 1),
(75, 25, 'Carta de aprobación de exhumación, expedida por la Secretaría de Salud.', '', 2, 1, 1),
(76, 25, 'Cubrir el pago correspondiente.', '', 2, 1, 1),
(77, 26, '1.-Asistir con puntualidad a la platica y llevar su CURP', 'assets/requisitos/26/', 1, 0, 1),
(78, 26, '2.- Ser una persona que requiera orientaciòn para cubrir una entrevista de trabajo.', '', 1, 0, 1),
(79, 27, '1.- Realizar personalmente el tràmite, llenando y firmando el formato. (registro del solicitante sne 01)', 'assets/requisitos/27/', 1, 1, 1),
(80, 27, '2.- Ser desempleado o subempleado con disposicioòn de cambio de residencia temporal o permanenete por motivos laborales.', '', 1, 0, 1),
(81, 27, '3.-Fotografìa reciente de tamaño infantil, para elaborar credencial.', '', 3, 0, 1),
(82, 27, '4.- Presentar los diguientes documentos en original para cotejo y las copias se solicitan legibles de comprobante de estudios, curp, INE, cartilla mil', '', 2, 1, 1),
(83, 27, '5.- Copia del RFC', '', 1, 1, 1),
(84, 27, '6.-Uso de suleo', '', 1, 1, 1),
(85, 27, '7.-Licencia comercial', '', 2, 1, 1),
(86, 28, '1.- Realizar personalmente el tràmite, llenado, firmando el formato (registro del solicitante SNE 01)', '', 1, 1, 0),
(87, 28, 'Ser desempleado o subempleado con disposicipon de cambio de residencia temporal o permanenete por motivos laborales.', '', 1, 1, 0),
(88, 28, '3.- Fotografìa reciente de tamaño infantil, para elaborar credencial.', '', 1, 0, 0),
(89, 29, 'Llenar solicitud de inscripción al padrón municipal de proveedores', 'assets/requisitos/29/FORMATO SOLICITUD PROVEEDORES.pdf', 3, 0, 1),
(90, 29, 'Cédula fiscal actualizada', 'assets/requisitos/29/', 2, 1, 1),
(91, 29, 'Relación de productos y servicios (catalogo y folletos, solo fabricantes)', 'assets/requisitos/29/', 3, 0, 1),
(92, 29, 'Factura cancelada', 'assets/requisitos/29/', 2, 1, 1),
(93, 29, 'Curriculum empresarial', 'assets/requisitos/29/', 3, 0, 1),
(94, 29, 'Acta constitutiva (en caso de sociedades)', 'assets/requisitos/29/', 2, 1, 1),
(95, 29, 'Poder notarial de representante legal', 'assets/requisitos/29/', 2, 1, 1),
(96, 29, 'Identificación oficial', 'assets/requisitos/29/', 2, 1, 1),
(97, 29, 'Comprobante de domicilio', 'assets/requisitos/29/', 2, 1, 1),
(98, 29, 'Caratula de estado de cuenta bancario', 'assets/requisitos/29/', 2, 1, 1),
(99, 29, 'Constancia de cumplimiento de obligaciones fiscales emitida por el SAT', 'assets/requisitos/29/', 2, 1, 1),
(100, 29, 'Constancia de cumplimiento de obligaciones en materia de seguridad social.', 'assets/requisitos/29/', 2, 1, 1),
(101, 29, 'Constancia de cumplimiento de obligaciones en materia estatal', 'assets/requisitos/29/', 2, 1, 1),
(102, 28, '1.- Ser mayor de 18 años.', '', 1, 0, 1),
(103, 28, '2.- Estar desempleado y ser buscador de empleo.', '', 1, 0, 1),
(104, 28, '3.- Presentarse con su clave unica de registro de poblaciòn.', '', 1, 0, 1),
(105, 30, 'Acta de nacimiento.', 'assets/requisitos/30/', 1, 1, 1),
(106, 32, 'Formato de Traslado de Dominio ante un notario', 'assets/requisitos/32/', 3, 5, 1),
(107, 32, 'Predial Pagado', 'assets/requisitos/32/', 3, 0, 1),
(108, 32, 'Avaluo catastral y comercial', 'assets/requisitos/32/', 3, 0, 1),
(109, 33, 'Recibo anterior del pago de la licencia', 'assets/requisitos/33/', 2, 0, 1),
(110, 34, 'Recibo anterior de pago', 'assets/requisitos/34/', 2, 0, 1),
(111, 34, 'Cuenta Catastral, Nombre del propietario o la Ubicación del inmueble', 'assets/requisitos/34/', 2, 0, 1),
(112, 35, 'Título de propiedad(donde se extrajeron los restos áridos exhumados)', 'assets/requisitos/35/', 2, 1, 1),
(113, 35, 'Título de propiedad(donde se depositaran los restos áridos humanos)', 'assets/requisitos/35/', 2, 1, 1),
(114, 35, 'Acta de defunción de restos áridos a exhumar(con un mínimo de 6 años de haber fallecido)', 'assets/requisitos/35/', 2, 1, 1),
(115, 35, 'Carta de autorización de exhumación(expedida por la secretaria de salud pública)', 'assets/requisitos/35/', 2, 1, 1),
(116, 35, 'Cubrir con el pago respectivo en efectivo', 'assets/requisitos/35/', 2, 1, 1),
(117, 36, 'Título de propiedad(donde se extrajeron los restos áridos exhumados)', 'assets/requisitos/36/', 2, 1, 1),
(118, 36, 'Título de propiedad(donde se depositaran los restos áridos humanos)', 'assets/requisitos/36/', 2, 1, 1),
(119, 36, 'Acta de defunción de restos áridos a exhumar(con un mínimo de 6 años de haber fallecido)', 'assets/requisitos/36/', 2, 1, 1),
(120, 36, 'Carta de autorización de exhumación(expedida por la secretaria de salud pública) ', 'assets/requisitos/36/', 2, 1, 1),
(121, 36, 'Cubrir con el pago respectivo en efectivo.', 'assets/requisitos/36/', 2, 1, 1),
(122, 37, 'Título de Propiedad(donde se extrajeron los restos áridos exhumados)', 'assets/requisitos/37/', 2, 1, 1),
(123, 37, 'Título de propiedad(a donde se trasladan los restos áridos)', 'assets/requisitos/37/', 2, 1, 1),
(124, 37, 'Acta de defunción de restos áridos a exhumar(con un mínimo de 6 años de haber fallecido) ', 'assets/requisitos/37/', 2, 1, 1),
(125, 37, 'Carta de aportación de exhumación(previamente autorizada por la secretaria de salud pública)', 'assets/requisitos/37/', 2, 1, 1),
(126, 37, 'Cubrir con el pago respectivo en efectivo', 'assets/requisitos/37/', 2, 1, 1),
(127, 30, 'Documento que acredite la discapacidad permanente, emitido por alguna Institución Pública del Sector Salud, Federal Estatal o Municipal.', '', 1, 1, 1),
(128, 30, 'Comprobante de domicilio o constancia de residencia de la Autoridad Local, ', '', 1, 1, 1),
(129, 30, 'Para el caso de niñas y niños con discapacidad la presencia del padre madre o tutor', '', 1, 1, 1),
(130, 38, 'Título de propiedad(donde se extrajeron los restos áridos exhumados)', 'assets/requisitos/38/', 2, 1, 1),
(131, 38, 'Título de propiedad(a donde se trasladan los restos áridos)', 'assets/requisitos/38/', 2, 1, 1),
(132, 38, 'Acta de defunción de restos áridos a exhumar(con un mínimo de 6 años de haber fallecido)', 'assets/requisitos/38/', 2, 1, 1),
(133, 38, 'Carta de aportación de exhumación(previamente autorizada por la secretaria de salud pública)', 'assets/requisitos/38/', 2, 1, 1),
(134, 38, 'Cubrir con el pago respectivo.', 'assets/requisitos/38/', 2, 1, 1),
(135, 39, 'Identificación oficial', 'assets/requisitos/39/', 2, 1, 1),
(136, 39, 'Comprobante de arrendamiento de gaveta.', 'assets/requisitos/39/', 2, 1, 1),
(137, 39, 'Realizar el pago.', 'assets/requisitos/39/', 2, 1, 1),
(138, 40, 'Identificación oficial ', 'assets/requisitos/40/', 2, 1, 1),
(139, 40, 'Comprobante de domicilio del Titular y copropietario.', 'assets/requisitos/40/', 2, 1, 1),
(140, 40, 'Realizar el pago de contado.', 'assets/requisitos/40/', 2, 1, 1),
(141, 41, 'Titulo de propiedad.', 'assets/requisitos/41/', 2, 1, 1),
(142, 41, 'Estar al corriente con el pago de mantenimiento.', 'assets/requisitos/41/', 2, 1, 1),
(143, 41, 'Realizar el pago.', 'assets/requisitos/41/', 2, 1, 1),
(144, 42, 'Curp, Comprobante de domicilio, Predial, Comprobante de propiedad, Llenado de cuis', 'assets/requisitos/42/', 1, 1, 1),
(145, 42, 'Comprobante de domicilio', '', 1, 1, 0),
(146, 44, 'Previa solicitud de la secretaria de desarrollo Agrario,Territorial y Urbano Municipal de Jesús María,Aguascalientes.', 'assets/requisitos/44/', 2, 1, 1),
(147, 45, 'Guía de transito si es dentro del Estado o certificado zoosanitario si proviene de otro estado para acreditar su debida procedencia', 'assets/requisitos/45/', 2, 0, 1),
(148, 46, 'Ninguno.', 'assets/requisitos/46/', 1, 0, 1),
(149, 47, 'Ninguno.', 'assets/requisitos/47/', 1, 0, 1),
(150, 48, 'Permiso que otorga la Secretaria de Medio Ambiente.', 'assets/requisitos/48/', 2, 1, 1),
(151, 49, 'Permiso que otorga la Secretaria de Medio Ambiente.', 'assets/requisitos/49/', 2, 1, 1),
(152, 49, 'Pago de derechos.', 'assets/requisitos/49/', 2, 1, 1),
(153, 30, 'Tener entre 30 y 64 años de edad, Curp, Comprobante de domicilio no mayor a tres meses, llenar solicitud ', 'assets/requisitos/30/', 1, 1, 0),
(154, 50, 'Tener entre 30 y 64 años de edad, curp, comprobante de domicilio no mayor a tres meses, llenar solicitud', 'assets/requisitos/50/', 1, 1, 1),
(155, 51, 'Becas para el bienestar de las familias niñas, niños, y jóvenes desde recién nacidos hasta 15 años de edad. ', 'assets/requisitos/51/', 1, 0, 1),
(156, 51, 'Becas Benito Juárez educación media superior, preparatoria, y bachillerato.', '', 1, 0, 1),
(157, 51, 'Jóvenes escribiendo el futuro, becas universitarias.', '', 1, 0, 1),
(158, 51, 'Jóvenes construyendo el futuro, becas de capacitación 18 a 29 años de edad.', '', 1, 0, 1),
(159, 52, 'Tener 68 años en adelante, INE, Curp, Acta de nacimiento, Comprobante de domicilio (no mayor a 3 meses)', '', 1, 0, 1),
(160, 53, '1.-Disponibilidad de tiempo y espacio mediante oficio por parte de las escuelas para impartir los talleres del programa \"juventud llegando a ti\" ', 'assets/requisitos/53/', 3, 1, 1),
(161, 54, '1.- Para practicas profesionales y servicio social tener como mínimo 17 años ', 'assets/requisitos/54/', 1, 1, 1),
(162, 55, 'OFICIO DE PETICIÓN', 'assets/requisitos/55/', 3, 0, 1),
(163, 55, 'DICTAMEN DE MEDIDAS DE SEGURIDAD EMITIDO POR LA DIRECCIÓN DE PROTECCIÓN CIVIL DEL MUNICIPIO DE JESÚS MARÍA, AGS.', 'assets/requisitos/55/', 3, 1, 1),
(164, 55, 'IDENTIFICACIÓN OFICIAL CON FOTOGRAFÍA', '', 2, 1, 1),
(165, 55, 'OFICIO DE PETICIÓN', 'assets/requisitos/55/', 3, 0, 1),
(166, 55, 'IDENTIFICACIÓN OFICIAL CON FOTOGRAFÍA', 'assets/requisitos/55/', 2, 1, 1),
(167, 55, 'PERMISO DEL LUGAR DONDE SE LLEVARÁ A CABO EL EVENTO', 'assets/requisitos/55/', 3, 0, 1),
(168, 55, 'PAGO DEL RECINTO (CUANDO EL EVENTO SEA EN ALGUNA INSTALACIÓN PROPIEDAD DEL MUNICIPIO)', 'assets/requisitos/55/', 3, 1, 1),
(169, 55, 'PAGO DE FIANZA (CUANDO EL EVENTO SEA EN ALGUNA INSTALACIÓN PROPIEDAD DEL MUNICIPIO)', 'assets/requisitos/55/', 3, 1, 1),
(170, 55, 'DICTAMEN DE MEDIDAS DE SEGURIDAD, EMITIDO POR LA DIRECCIÓN DE PROTECCIÓN CIVIL (PARA EVENTOS MASIVOS PÚBLICOS)', 'assets/requisitos/55/', 3, 1, 1),
(171, 55, 'PERMISO PARA EL CONSUMO Y VENTA DE BEBIDAS ALCOHÓLICAS (TONTO EVENTOS MASIVOS COMO EVENTOS SOCIALES)', 'assets/requisitos/55/', 3, 1, 1),
(172, 55, 'SEGURIDAD PRIVADA (EVENTOS MASIVOS PARA PÚBLICO EN GENERAL)', 'assets/requisitos/55/', 3, 1, 1),
(173, 55, 'BOLETAJE  (EVENTOS MASIVOS PARA PÚBLICO EN GENERAL)', 'assets/requisitos/55/', 2, 0, 1),
(174, 55, 'PERMISO DE LA DIRECCIÓN DE PROTECCIÓN CIVIL PARA LA QUEMA DE PÓLVORA (EVENTOS SOCIALES)', 'assets/requisitos/55/', 3, 1, 1),
(175, 56, 'OFICIO DE PETICIÓN', 'assets/requisitos/56/', 3, 0, 1),
(176, 56, 'DICTAMEN DE MEDIDAS DE SEGURIDAD EMITIDO POR LA DIRECCIÓN DE PROTECCIÓN CIVIL DEL MUNICIPIO DE JESÚS MARÍA, AGS.', 'assets/requisitos/56/', 3, 1, 1),
(177, 56, 'IDENTIFICACIÓN OFICIAL', 'assets/requisitos/56/', 2, 1, 1),
(178, 57, 'Solicitud dirigida al Secretario del H. Ayuntamiento y Dirección General de Gobierno, que contenga: 1) Nombre del solicitante, domicilio particular, t', '', 3, 1, 1),
(179, 57, 'Uso de suelo acorde al giro solicitado y en su caso Licencia de edificación o construcción; expedida por la Secretaría de Desarrollo Agrario, Territor', '', 3, 1, 1),
(180, 57, 'Recibo del impuesto predial (actualizado).', '', 3, 1, 1),
(181, 57, 'Comprobante de domicilio.', '', 3, 1, 1),
(182, 57, 'INE, si es persona física o acta constitutiva si es persona moral;', '', 3, 1, 1),
(183, 57, 'Título de Propiedad o en su caso contrato de arrendamiento,  se deberá de contar con el consentimiento del propietario del inmueble.', '', 3, 1, 1),
(184, 57, 'Dictamen de factibilidad de operación emitido por la dependencia competente de Protección Civil Municipal, en el que conste que reúne las condiciones ', '', 3, 1, 1),
(185, 57, 'Acompañar dictamen de la Coordinación de Reglamentos en el que conste que reúne los requisitos de distancia respecto de los edificios o bienes inmuebl', '', 3, 1, 1),
(186, 57, 'Constancia de estar inscrito en el Registro Federal de Contribuyentes', '', 3, 1, 1),
(187, 57, 'En su caso acompañar certificado de la Secretaría de Salud de manejo de alimentos, si así lo requiere el giro solicitado.', '', 3, 1, 1),
(188, 58, 'Tramitar personalmente el permiso, expresando su nombre y sus generales.', 'assets/requisitos/58/', 3, 1, 1),
(189, 58, 'Ser mayor de edad y acreditarlo con credencial de elector, expedida por el Instituto Nacional Electoral', 'assets/requisitos/58/', 3, 1, 1),
(190, 58, 'Demostrar que tiene como mínimo seis meses de residencia en el Municipio.', 'assets/requisitos/58/', 3, 1, 1),
(191, 58, 'No tener antecedentes penales graves en espacial relacionados con delitos contra la salud y crimen organizado.', 'assets/requisitos/58/', 3, 1, 1),
(192, 58, 'Especificar el giro comercial.', 'assets/requisitos/58/', 3, 1, 1),
(193, 58, 'Dos fotografías recientes del solicitante tamaño credencial.', 'assets/requisitos/58/', 3, 0, 1),
(194, 59, 'ser adolescente o joven entre los 12 y 29 años de edad ', 'assets/requisitos/59/', 1, 1, 1),
(195, 60, 'Ser estudiante de nivel secundaria, preparatoria o universidad', 'assets/requisitos/60/', 1, 1, 1),
(196, 61, 'copia de acta de nacimiento', 'assets/requisitos/61/', 3, 1, 0),
(197, 61, 'copia de comprobante de domicilio', 'assets/requisitos/61/', 2, 1, 0),
(198, 61, 'dos testigos con INE', 'assets/requisitos/61/', 3, 1, 0),
(199, 61, 'copia de CURP', '', 3, 1, 0),
(200, 61, 'talon de INE', '', 3, 1, 0),
(201, 61, '2 fotografias tamaño infantil', '', 3, 2, 0),
(202, 61, '2 Fotografías Tamaño Infantil', 'assets/requisitos/61/', 3, 2, 1),
(203, 61, 'Copia de Acta de Nacimiento', 'assets/requisitos/61/', 3, 1, 1),
(204, 61, 'Copia de Comprobante de Domicilio del Municipio de Jesús María', 'assets/requisitos/61/', 3, 1, 1),
(205, 61, 'Copia de CURP', 'assets/requisitos/61/', 3, 1, 1),
(206, 61, 'Dos Testigos con copia INE ( 1 Padre ó Madre)', 'assets/requisitos/61/', 3, 2, 1),
(207, 61, '2 Fotografías recientes tamaño Pasaporte', 'assets/requisitos/61/', 3, 2, 0),
(208, 61, 'Copia de Acta de Nacimiento', 'assets/requisitos/61/', 3, 1, 0),
(209, 61, 'Copia de Comprobante de Domicilio', 'assets/requisitos/61/', 3, 1, 0),
(210, 61, 'Copia de CURP', 'assets/requisitos/61/', 3, 1, 0),
(211, 61, '3 Testigos con Copia INE', 'assets/requisitos/61/', 3, 3, 0),
(212, 61, 'Dirección completa donde se radica', 'assets/requisitos/61/', 2, 1, 0),
(213, 61, 'Tiempo de Radicar', 'assets/requisitos/61/', 2, 1, 0),
(214, 62, '2 Fotografías Tamaño Pasaporte', '', 3, 2, 1),
(215, 62, 'Copia de Acta de Nacimiento', '', 3, 1, 1),
(216, 62, 'Copia de Comprobante de Domicilio del Municipio de Jesús María', '', 3, 1, 1),
(217, 62, 'Copia de CURP', '', 3, 1, 1),
(218, 62, 'Talón de INE', '', 3, 1, 0),
(219, 62, '2 Testigos con copia INE', '', 3, 2, 0),
(220, 62, '3 Testigos con Copia INE (1 Familiar Directo)', '', 3, 3, 1),
(221, 62, 'Dirección Completa de donde Radica', '', 2, 1, 1),
(222, 62, 'Tiempo de Radicar (día, mes y año)', '', 2, 1, 1),
(223, 63, '2 Fotografías Tamaño Infantil', '', 3, 2, 1),
(224, 63, 'Copia de Acta de Nacimiento', '', 3, 1, 1),
(225, 63, 'Copia de Comprobante de Domicilio del Municipio de Jesús María', '', 3, 1, 1),
(226, 63, 'Copia de CURP', '', 3, 1, 1),
(227, 63, 'Talon INE', '', 3, 1, 1),
(228, 63, 'Dos Testigos con Copia INE', '', 3, 2, 1),
(229, 64, '1.Infracción o No. de folio si no se cuenta con copia de infraccion. ', 'assets/requisitos/64/', 2, 1, 1),
(230, 65, '1. Llenar debidamente el formato de la constancia municipal de compatibilidad urbanística firmada por el propietario (s)', 'assets/requisitos/65/', 3, 1, 1),
(231, 65, '2.- Copia de escritura (legible e inscrita en el Registro Público de la propiedad), titulo de propiedad y/o constancia notarial que señale que esta en el Registro Público de la Propiedad', '', 1, 1, 1),
(232, 65, '3.-Copia del recibo predial pagado del año en curso o comprobante de no adeudo', '', 1, 1, 1),
(233, 65, '4.- Copia del numero oficial', '', 1, 1, 1),
(234, 65, '5.- Copia de identificación oficial del propietario(s) (INE, pasaporte vigente o cédula profesional)', '', 1, 1, 1),
(235, 65, '6.- En caso de ser persona moral, también se anexa copia de acta constitutiva, poder notarial y copia INE de apodrado legal', '', 1, 1, 1),
(236, 65, '7.- En caso de que el tramite lo realice otra persona distinta al propietario o al representante legal deberá de presentar carta poder simple, copia de identificación oficial de quien hará el trámite incluyendo dos testigos (INE, pasaporte vigente o ', '', 1, 1, 1),
(237, 65, '8.- En caso de renta: deberá presentar copia del contrato de arrendamiento vigente, donde el nombre del arrendador (a) deberá coincidir con el del rec', '', 1, 1, 1),
(238, 65, '9.- En caso de préstamo: deberá presentar copia de la carta comodato firmada por el o los propietarios (as) del predio, (el nombre del dueño (a) del p', '', 1, 1, 1),
(239, 65, '10.- Cuando se trate de una Copropiedad: el formato deberá estar firmado por TODOS los copropietarios anexando identificación oficial.', '', 1, 1, 1),
(240, 66, '1.- Llenar formato de solicitud para la instalación de anuncios firmado por el propietario(s).', 'assets/requisitos/66/', 3, 1, 1),
(241, 68, 'Solicitud del permiso', 'assets/requisitos/68/', 3, 1, 1),
(242, 68, 'Identificación Oficial con Fotografía', 'assets/requisitos/68/', 3, 1, 1),
(243, 66, '2.-Constancia de Compatibilidad Urbanística vigente que corresponda al predio en que se ubica el inmueble objeto del anuncio.', '', 1, 1, 1),
(244, 68, 'Pago de los derechos', 'assets/requisitos/68/', 3, 1, 1),
(245, 66, '3.-Copia del recibo predial pagado del año en curso o comprobante de  no adeudo', '', 1, 1, 1),
(246, 68, 'Solicitud de Anuencia ( para aquellos caso que requieran permiso Federal)', 'assets/requisitos/68/', 3, 1, 1),
(247, 66, '4.-Consentimiento por escrito del propietario (s) del inmueble (s) en donde se vaya a colocar', '', 1, 1, 1),
(248, 68, 'Permiso Federal (para casos como, peleas de gallos, carreras de caballos)', 'assets/requisitos/68/', 3, 1, 1),
(249, 68, 'Dictamen de medidas de seguridad emitido por la Dirección de Protección Civil del Municipio de Jesús María, Ags.', 'assets/requisitos/68/', 3, 1, 1),
(250, 66, '5.-Copia de identificación oficial de propietario(s) (INE, pasaporte viente vigente o cédula profesional).', '', 1, 1, 1),
(251, 68, 'Boletaje (presentar con tres días de atiicipación)', 'assets/requisitos/68/', 3, 0, 1),
(252, 66, '5.-Copia de identificación oficial de propietario(s) (INE, pasaporte viente vigente o cédula profesional).', '', 1, 1, 0),
(253, 66, '6.-Dibujo, descripción, medidas, fotografía del anuncio y del sitio de su colocación', '', 3, 1, 1),
(254, 66, '6.-Dibujo, descripción, medidas, fotografía del anuncio y del sitio de su colocación', '', 1, 1, 0),
(255, 66, '7.-En caso de ser persona moral, deberá anexar copia de acta constitutiva, poder notarial vigente y copia (INE, pasaporte vigente o cédula profesional', '', 1, 1, 1),
(256, 66, '8.-En caso de que el tramite lo realice otra persona distinta al propietario(s), el representante legal deberá de presentar carta poder simple, copia ', '', 1, 1, 1),
(257, 66, '9.-En caso de ubicarse en un predio prestado, deberá presentar contrato de comodato y copia de identificación oficial vigente (INE, pasaporte o cédula', '', 1, 1, 1),
(258, 66, '10.-En el caso de ubicarse en un predio rentando, deberá presentar copia del contrato de arrendamiento vigente además de la copia de identificación of', '', 1, 1, 1),
(259, 67, '1.Pago de multa, Folio de infracción', 'assets/requisitos/67/', 2, 1, 1),
(260, 66, '11.-Para anuncios estructurales y semi-estructural se requerirá también  la responsiva de perito, presentando memoria de cálculo original y copia firm', '', 1, 1, 1),
(261, 69, 'Solicitud ', 'assets/requisitos/69/', 3, 1, 1),
(262, 69, 'Identificación oficial con fotografía, para el caso de constancias de no antecedentes penales y de residencia,deberá coincidir con el comprobante de d', 'assets/requisitos/69/', 3, 1, 1),
(263, 69, 'Comprobante de domicilio', 'assets/requisitos/69/', 3, 1, 1),
(264, 70, '1.- Llenar solicitud de informe de compatibilidad urbanística.', 'assets/requisitos/70/', 1, 1, 1),
(265, 70, '2.- Copia de identificación oficial del solicitante (INE, pasaporte o cédula profesional) ', '', 1, 1, 1),
(266, 71, 'Petición por escrito', 'assets/requisitos/71/', 3, 1, 1),
(267, 71, 'Pago del servicio', 'assets/requisitos/71/', 3, 1, 1),
(268, 64, '2.Numero de placa', '', 2, 0, 1),
(269, 64, '3.- Nombe de infractor', '', 2, 0, 1),
(270, 72, '1.- Llenar formato de licencia de construcción firmado por el propietario(s)', 'assets/requisitos/72/', 3, 1, 1),
(271, 67, '3.- Presentar factura o titulo del pedimento, debidamente ensosado por el vendedor con firma y fecha.', '', 2, 1, 1),
(272, 67, '3.- Tarjeta de circulacion vigente o comprobante del ultimo pago de control vehicular.', '', 2, 1, 1),
(273, 64, '4.- Identificacion oficial  (credencial de elector , licencia de conducir o pasaporte)', '', 2, 1, 1),
(274, 64, '5.-Comprobante de domicilio (recibo de luz, agua, telefono, que no sea mayor a 60 días)', '', 2, 1, 1),
(275, 64, '6.- Si el tramite lo va a realiza otra persona que nos sea el propietario, debera presentar carta poder con originales y copia de identificación de qu', '', 2, 1, 1),
(276, 64, '7.- Antes de la devolución del vehiculo, deberá realizar los pagos correspondientes . Si su vehiculo esta a disposición de la fiscalía general del Edo', '', 2, 1, 1),
(277, 72, '2.- Copia de la escritura del predio (completa, legible e inscrita en el Registro Publico de la Propiedad),titulo de propiedad,constancia de INSUS (CO', '', 1, 1, 1),
(278, 72, '3.- Copia del recibo predial pagado del año en curso o comprobante de no adeudo', '', 1, 1, 1),
(279, 72, '4.- Copia de número oficial', '', 1, 1, 1),
(280, 72, '5.- Copia de identificación oficial de propietario(s) (INE, pasaporte vigente cédula profesional)', '', 1, 1, 1),
(281, 72, '5.- Copia de identificación oficial de propietario(s) (INE, pasaporte vigente o cédula profesional)', '', 1, 1, 0),
(282, 72, '6.- En caso de ser persona moral, también se anexa copia de acta constitutiva,poder notarial y copia INE , pasaporte vigente o cédula profesional de a', '', 1, 1, 1),
(283, 72, '7.- En caso de que el tramite lo realice otra persona distinta al propietario o al representante legal deberá de presentar carta poder simple, copia d', '', 1, 1, 1),
(284, 72, '8.- Copia de recibo reciente de agua potable (sin adeudo) y/o constancia de no adeudo', '', 1, 1, 1),
(285, 72, '9.- Constancia de Compatibilidad Urbanística (cuando el predio no se encuentra ubicado en fraccionamiento o condominio autorizado)', '', 1, 1, 1),
(286, 72, '10.- Croquis o plano de proyecto arquitectónico (plantas, cortes, fachadas,red sanitaria,) de obra en original y copia si le aplica según los m2 o alt', '', 1, 1, 1),
(287, 72, '11.- Croquis o plano de la situación actual y lo que se pretende construir o ampliar (remodelación)si le aplica según los m2', '', 1, 2, 1),
(288, 72, '12.- Memoria de cálculo original y copia firmada por perito de obra con plano referenciando los elementos estructurales descritos en la misma', '', 3, 2, 1),
(289, 72, '13.-Bitácora de obra firmada por perito de obra', '', 3, 1, 1),
(290, 72, '14.-Copia de carnet vigente de perito de obra', '', 1, 1, 1),
(291, 72, '15.- En caso de estar bajo el régimen en condominio, presentar autorización reciente y por escrito de la Asociación de Condominos, del proyecto de obr', '', 1, 1, 1),
(292, 72, '16.- Cuando se trate de una Copropiedad: el formato deberá estar firmado por TODOS los copropietarios anexando identificación oficia', '', 1, 1, 1),
(293, 72, '17.- Estudio geológico y geofísico en construcciones mayores a 800 m2 o contenga mas de 3 niveles,urbanizaciones de fraccionamientos, desarrollos espe', '', 1, 1, 1),
(294, 72, '18. Construcciones,demoliciones y adaptaciones mayores a 3,000 m2 construidos a 21mts. de altura,presentar DECU', '', 1, 1, 1),
(295, 72, '19. La contrucción, remodelación, apertura o funcionamiento de establecimientos comerciales,industriales y de servicios ubicados en terrenos con más d', '', 1, 1, 1),
(296, 74, '1.- Copia de la escritura del predio (completa, legible e inscrita en el Registro Publico de la Propiedad), titulo de propiedad constancia de INSUS (C', 'assets/requisitos/74/', 1, 1, 1),
(297, 74, '2.- Copia del recibo predial pagado del año en curso o comprobante de no adeudo', '', 1, 1, 1),
(298, 74, '3.- En caso de fraccionamiento o condominio el único requisito será la copia del predial reciente o constancia de no adeudo.', '', 1, 1, 1),
(299, 76, 'Solicitud por escrito', 'assets/requisitos/76/', 3, 1, 1),
(300, 76, 'Identificación oficial con fotografía del titular y/o representante legal', 'assets/requisitos/76/', 2, 1, 1),
(301, 76, 'Acta Constitutiva, en caso de personas morales', 'assets/requisitos/76/', 2, 1, 1),
(302, 76, 'Poder legal del representante legal', 'assets/requisitos/76/', 2, 1, 1),
(303, 75, '1.- Solicitud por escrito firmada por el perito de obra o propietario(s) que incluya el numero de cuenta catastral del predio, de manzana, del lote,  ', '', 3, 1, 1),
(304, 75, '2.- Copia de licencia de construcción autorizada', '', 1, 1, 1),
(305, 75, '3.- Bitácora de obra debidamente llenada y firmada por el perito', '', 3, 1, 1),
(306, 76, 'Constancia de Compatibilidad Urbanística (uso de suelo), emitido por Secretaría de Desarrollo Agrario, Territorial y Urbano Municipal', 'assets/requisitos/76/', 2, 1, 1),
(307, 75, '4.- Copia del recibo predial pagado del año en curso o comprobante de no adeudo (cundo el tramite se haya realizado en años anteriores).', '', 1, 1, 1),
(308, 77, '1.- Llenar debidamente la solicitud de Subdivisión y/o Fusión firmada por el propietario (s)', 'assets/requisitos/77/', 3, 1, 1),
(309, 77, '2.- Copia de escritura (legible e inscrita en el Registro Publico de la propiedad), titulo de propiedad y/o constancia notarial que señale que esta en proceso de inscripción en el Registro Publico de la Propiedad', '', 1, 1, 1),
(310, 77, '3.- Constancia Municipal de Compatibilidad Urbanística', '', 1, 1, 1),
(311, 77, '4.- Copia del recibo predial pagado del año en curso o comprobante de no adeudo', '', 1, 1, 1),
(312, 77, '5.- Copia de identificación oficial del propietario(s) (INE, pasaporte vigente o cédula profesional)', '', 1, 1, 1),
(313, 77, '6.- En caso de ser persona moral, también se anexa copia del acta constitutiva, poder notarial y copia INE del apoderado legal', '', 1, 1, 1),
(314, 77, '7.- En caso de que el tramite lo realice otra persona distinta al propietario o al representante legal deberá de presentar carta poder simple, copia de identificación oficial de quien hará el trámite incluyendo dos testigos (INE, pasaporte vigente o ', '', 1, 1, 1),
(315, 77, '8.- Certificado de libertad de gravamen con una antigüedad no mayor a 30 días naturales anteriores a la fecha de la solicitud', '', 1, 1, 1),
(316, 77, '9.– Plano digital e impreso, en base al plano catastral, expedido por el Instituto Catastral del Estado del terreno o de los terrenos objeto de la solicitud con acotaciones en centímetros y señalando la orientación de los mismos y sus colindancia, ge', '', 1, 1, 1),
(317, 77, '10.- Plano digital e impreso en formato vectorial de la subdivisión que se pretende realizar georeferenciado con coordenadas UTM en formato SHP', '', 1, 1, 1),
(318, 77, '11.– Dictamen Estatal de Congruencia Urbanística cuando los inmuebles sean mayores a 5,000 metros cuadrados de superficie o se sitúen bajo lo especificado en el Artículo 151 del COTEDUVI', '', 1, 1, 1),
(319, 77, '12.- En el caso de un terreno urbano o rústico con superficie mayor de 5,000 m2 deberá anexar un levantamiento topográfico catastral, con fecha de expedición no mayor a seis meses', '', 1, 1, 1),
(320, 77, '13.- En el caso de un terreno urbano o rústico con una superficie menor de 5,000 m2 deberá anexar un plano catastral certificado, con fecha de expedición no mayor a seis meses ', '', 1, 1, 1),
(321, 77, '14.– Factibilidades de servicios de agua potable, alcantarillado, saneamiento y electrificación ', '', 1, 1, 1),
(322, 77, '14.– Factibilidades de servicios de agua potable, alcantarillado, saneamiento y electrificación ', '', 1, 1, 0),
(323, 77, '15.- Característica de la urbanización del terreno o terrenos', '', 1, 1, 1),
(324, 77, '16.- Cédula única catastral electrónica', '', 1, 1, 1),
(325, 77, '17.- Cuando se trate de una Copropiedad: el formato deberá estar firmado por TODOS los copropietarios anexando identificación oficial.', '', 1, 1, 1),
(326, 77, '17.- Cuando se trate de una Copropiedad: el formato deberá estar firmado por TODOS los copropietarios anexando identificación oficial.', '', 1, 1, 0),
(327, 76, 'Licencia de funcionamiento, en su caso', '', 2, 1, 1),
(328, 78, '1.Llenar formato de licencia de construcción firmado por el propietario(s) y perito (s) responsable (s) de las obras de urbanización', 'assets/requisitos/78/', 3, 1, 1),
(329, 78, '2.Copia de la escritura del predio (completa, legible e inscrita en el Registro Público de la propiedad), título de propiedad, constancia de INSUS (CORETT) y/o constancia notarial que señale que está en proceso de inscripción en el Registro Público d', '', 1, 1, 1),
(330, 78, '3.Copias del recibo predial pagado del año en curso o comprobante de no adeudo ', '', 1, 1, 1),
(331, 78, '4.Copia del número ocial', '', 1, 1, 1),
(332, 78, '5.Copia de identicación ocial de propietario (s) (INE, pasaporte vigente o cedula profesional)', '', 1, 1, 1),
(333, 78, '6.En caso de ser persona moral, se anexa copia de acta constitutiva, poder notarial y copia de INE, pasaporte vigente o cedula profesional de apoderado legal', '', 1, 1, 1),
(334, 78, '7.En caso de que el trámite lo realice otra persona distinta al propietario o al representante legal deberá de presentar carta poder simple, copia de identificación oficial de quien hará el trámite incluyendo dos testigos (INE, pasaporte vigente o cé', '', 1, 1, 1),
(335, 78, '8.Plano de lotificación autorizado y  firmado por el perito responsable, propietario y/o representante legal (dos juegos de planos)', '', 1, 1, 1),
(336, 78, '9.Plano de etapas de urbanización (en su caso) autorizado y firmado por el propietario y/o representante legal y perito responsable (un juego de planos)', '', 1, 1, 1),
(337, 78, '9.Plano de etapas de urbanización (en su caso) autorizado y firmado por el propietario y/o representante legal y perito responsable (un juego de planos)', '', 1, 1, 0),
(338, 78, '10.Planos de red de agua potable, alcantarillado y escurrimientos pluviales autorizados por CAPAS y firmados por el propietario, representante legal y perito responsable (un juego de planos)', '', 1, 1, 1),
(339, 78, '11.Planos de la red de electrificación autorizados por la CFE y firmados por el propietario y/o representante legal y perito responsable (un juego de planos)', '', 1, 1, 1),
(340, 78, '12.Planos de red de alumbrado público autorizados por la Secretaria de Servicios Públicos Municipal ', '', 1, 1, 1),
(341, 78, '13.Planos de la señalética vertical horizontal autorizados por la Secretaria de Seguridad Pública y Vialidad Municipal y firmados por el propietario y perito responsable (un juego de planos)', '', 1, 1, 1),
(342, 78, '14.Especifcaciones de las obras de urbanización autorizadas por la Secretaria de Obras Públicas Municipales y firmadas por el perito responsable, propietario y/o representante legal', '', 1, 1, 1),
(343, 78, '15.Bitácora de obra firmada por perito de obra y propietario ', '', 1, 1, 1),
(344, 78, '16.Copia del CARNET vigente del perito', '', 1, 1, 1),
(345, 78, '17.Carta responsiva y aceptación del perito firmada', '', 1, 1, 1),
(346, 78, '18.Garantía de los trabajos de las obras de urbanización (previo análisis con el departamento de fraccionamientos de esta secretaria)', '', 1, 1, 1),
(347, 78, '19.Calendario de obra aprobado por la SEGUOT o la SEDATUM en su caso', '', 1, 1, 1),
(348, 78, '20.Designación del residente de obras de urbanización firmado por el perito y propietario', '', 1, 1, 1),
(349, 79, 'Solicitud por escrito', 'assets/requisitos/79/', 3, 1, 1),
(350, 79, 'Identificación oficial con fotografía del titular y/o representante legal', 'assets/requisitos/79/', 2, 1, 1),
(351, 79, 'Acta constitutiva, en caso de personas morales', 'assets/requisitos/79/', 2, 1, 1),
(352, 79, 'Constancia de Compatibilidad Urbanística (uso de suelo), emitido por la Secretaría de Desarrollo Agrario, Territorial y Urbano Municipal', 'assets/requisitos/79/', 2, 1, 1),
(353, 81, 'Solicitud por escrito, especificando el curso requerido, número de participantes, ubicación donde será impartido el curso, material didáctico.', 'assets/requisitos/81/', 3, 1, 1),
(354, 81, 'Pago de los derechos', 'assets/requisitos/81/', 2, 1, 1),
(355, 80, 'Certificado de secundaria, Comprobante de domicilio, Curp, Fotografía digital, Correo electrónico', 'assets/requisitos/80/', 2, 0, 1),
(356, 82, 'Solicitud por escrito especificando el día, fecha, hora del evento.', 'assets/requisitos/82/', 3, 1, 1),
(357, 82, 'Identificación oficial del interesado', 'assets/requisitos/82/', 3, 1, 1),
(358, 82, 'Recibo de pago de los derechos', 'assets/requisitos/82/', 3, 1, 1),
(359, 81, 'Solicitud por escrito', 'assets/requisitos/81/', 3, 1, 0),
(360, 81, 'Identificación Oficial con fotografía', 'assets/requisitos/81/', 2, 1, 0),
(361, 81, 'Comprobante de Domicilio, que coincida con la identificación oficial', 'assets/requisitos/81/', 2, 1, 0),
(362, 84, 'Datos generales del solicitante.', 'assets/requisitos/84/', 1, 1, 1),
(363, 85, 'Datos generales del solicitante.', 'assets/requisitos/85/', 1, 1, 1),
(364, 86, 'Datos generales del solicitante.', 'assets/requisitos/86/', 1, 1, 1),
(365, 88, 'Reporte de denuncia (tipo de denuncia, ocurrencia y lugar de los hechos)', 'assets/requisitos/88/', 1, 1, 1),
(366, 89, 'Oficio de solicitud y expediente del proyecto que incluya el Manifiesto de Impacto AMbiental o Informe Preventivo, según sea el caso', 'assets/requisitos/89/', 3, 0, 1),
(367, 87, 'Curp', 'assets/requisitos/87/', 1, 1, 1),
(368, 90, 'Datos generales y domicilio de inspección del interesado.', 'assets/requisitos/90/', 1, 1, 1),
(369, 91, 'Solicitud con los datos generales del solicitante.', 'assets/requisitos/91/', 3, 0, 1),
(370, 92, 'Solicitud por escrito con datos generales, cantidad y especies solicitadas, y ubicación donde se plantarán.', 'assets/requisitos/92/', 3, 0, 1),
(371, 93, '1.- Material para impartir cursos, vehículos para traslados, enlaces en las comunidades a visitar', 'assets/requisitos/93/', 1, 0, 1),
(372, 94, 'Solicitud y parte de accidente emitido por la Dirección de Tránsito Municipal', 'assets/requisitos/94/', 3, 0, 1),
(373, 84, 'Dirección del lugar a inspeccionar', '', 1, 1, 1),
(374, 84, 'Constancia de Alineamiento y Compatibilidd Urbanística vigente', '', 1, 1, 1),
(375, 84, 'Nota: Si es persona moral deberá anexar copia del acta constitutiva y copia del poder del representante legal.', '', 1, 1, 1),
(376, 85, 'Dirección del lugar a inspeccionar', '', 1, 1, 1),
(377, 86, 'Dirección del lugar donde se impartirá la capacitación.', '', 1, 1, 1),
(378, 88, 'Información de contacto del denunciante.', '', 1, 1, 1),
(379, 90, 'Permiso del año anterior (En caso de ser renovación)', '', 1, 1, 1),
(380, 90, 'Resolución en materia de impacto ambiental positiva emitida por la Secretaría de Sustentabilidad, Medio Ambiente y Agua del Estado de Aguascalientes', '', 1, 1, 1),
(381, 91, 'Resolución en materia de impacto ambiental positiva emitida por la Secretaría de Sustentabilidad, Medio Ambiente y Agua del Estado de Aguascalientes', '', 1, 1, 1),
(382, 97, 'Ninguno', 'assets/requisitos/97/', 1, 0, 1),
(383, 100, 'Tener Interés en el Curso, cumplir con el horario  durante las cuatro sesiones  los miércoles de 9:00 a 10:30  hrs., Ser canalizado por el Área Jurídica o Trabajo Social o por Interés propio ', 'assets/requisitos/100/', 1, -3, 1),
(384, 98, '1- Solicitud por escrito.', 'assets/requisitos/98/', 1, 1, 1),
(385, 99, '1.- Copia de Credencial del INE por ambos lados.', '', 1, 1, 1),
(386, 99, '2.- Copia de su clave unica de registro de poblaciòn (CURP)', '', 1, 1, 1),
(387, 99, '3.- Copia de comprobante de domicilio vigente no mayor a tres meses.', '', 1, 1, 1),
(388, 99, '3.- Copia de comprobante de domicilio vigente no mayor a tres meses.', '', 1, 1, 1);

-- --------------------------------------------------------

--
-- Estructura de tabla para la tabla `secretarias`
--

CREATE TABLE `secretarias` (
  `id` int(11) NOT NULL,
  `secretaria` varchar(100) COLLATE utf8_spanish2_ci NOT NULL,
  `titular` varchar(100) COLLATE utf8_spanish2_ci NOT NULL,
  `status` tinyint(4) NOT NULL
) ENGINE=InnoDB DEFAULT CHARSET=utf8 COLLATE=utf8_spanish2_ci;

--
-- Volcado de datos para la tabla `secretarias`
--

INSERT INTO `secretarias` (`id`, `secretaria`, `titular`, `status`) VALUES
(1, 'Secretaría Particular', 'José de Jesús Delgado de Luna', 1),
(2, 'CAPAS', 'José César García Estrada', 1),
(3, 'Secretaría de Finanzas', 'Luis Alejandro Rangel Magdaleno', 1),
(4, 'Secretaría de Seguridad Pública y Vialidad', 'Artemio García Puga', 1),
(5, 'Secretaría de Desarrollo Social', 'Rodolfo Esquivel Cañedo', 1),
(6, 'Secretaría de Desarrollo Agrario, Territorial y Urbano Municipal', 'José Refugio Muñoz López', 1),
(7, 'Secretaría de Medio Ambiente y Sustentabilidad', 'Clara Aurora Martínez Gallardo', 1),
(8, 'Secretaría de Obras Públicas', '-', 1),
(9, 'Secretaría de Auditoría Financiera y Fiscalización', 'Luis Gallo Nájera', 1),
(10, 'Secretaría de Desarrollo Económico', 'José Guadalupe Valtierra Pérez', 1),
(11, 'Instancia de la Mujer', 'Ma. De Jesús Flores Lopez', 1),
(12, 'Instancia del Deporte', '-', 1),
(13, 'Instancia de Cultura', '-', 1),
(14, 'Instancia de Salud Pública', '-', 1),
(15, 'Sindicatura', 'Lidia Suárez Ramírez', 1),
(16, 'Secretaría de Servicios Públicos', 'César Fernando Medina Cervantes', 1),
(17, 'Secretaría del H. Ayuntamiento y Dirección General de Gobierno', 'Adolfo Suárez Ramírez', 1),
(18, 'Instancia de la Juventud', '--', 1),
(19, 'DIF', 'Lic. Ma. Patricia Alvarado Martínez ', 1);

-- --------------------------------------------------------

--
-- Estructura de tabla para la tabla `tramites`
--

CREATE TABLE `tramites` (
  `id` int(11) NOT NULL,
  `id_secretaria` int(20) DEFAULT NULL,
  `nombre` varchar(200) COLLATE utf8_spanish2_ci DEFAULT NULL,
  `clave` varchar(100) COLLATE utf8_spanish2_ci DEFAULT NULL,
  `usuarios` varchar(200) COLLATE utf8_spanish2_ci DEFAULT NULL,
  `documento_obtenido` varchar(150) COLLATE utf8_spanish2_ci DEFAULT NULL,
  `costo` varchar(100) COLLATE utf8_spanish2_ci DEFAULT NULL,
  `tiempo` varchar(100) COLLATE utf8_spanish2_ci DEFAULT NULL,
  `vigencia` varchar(150) COLLATE utf8_spanish2_ci DEFAULT NULL,
  `oficina` varchar(150) COLLATE utf8_spanish2_ci DEFAULT NULL,
  `domicilio` varchar(200) COLLATE utf8_spanish2_ci DEFAULT NULL,
  `telefono` varchar(50) COLLATE utf8_spanish2_ci DEFAULT NULL,
  `horario` varchar(150) COLLATE utf8_spanish2_ci DEFAULT NULL,
  `resolucion` varchar(150) COLLATE utf8_spanish2_ci DEFAULT NULL,
  `email` varchar(150) COLLATE utf8_spanish2_ci DEFAULT NULL,
  `observaciones` longtext COLLATE utf8_spanish2_ci,
  `fundamento` longtext COLLATE utf8_spanish2_ci,
  `tipo` tinyint(4) NOT NULL DEFAULT '1'
) ENGINE=InnoDB DEFAULT CHARSET=utf8 COLLATE=utf8_spanish2_ci;

--
-- Volcado de datos para la tabla `tramites`
--

INSERT INTO `tramites` (`id`, `id_secretaria`, `nombre`, `clave`, `usuarios`, `documento_obtenido`, `costo`, `tiempo`, `vigencia`, `oficina`, `domicilio`, `telefono`, `horario`, `resolucion`, `email`, `observaciones`, `fundamento`, `tipo`) VALUES
(1, 10, 'Apertura de Empresas', 'SDME01', 'Pùblico en General', 'Licencia de funcionamiento', 'En base al titulo 4to. de la Ley de ingresos Municipal actual', '72 horas', '1 año', 'Secretaria de Desarollo Econòmico', 'Av. Paseo de los Chicahuales 401 altos, Col. Benigno Chàvez', '9639237 y 9639665', 'De Lunes  a Viernes de 8:30 a 16:00 hrs.', 'Secretaria de Desarrollo Econòmico', 'sare@jesusmaria.gom.mx', 'El tramite y la asesoria no tienen costo, solo la licencia y este varia de acuerdo al gito. \n NOTA: En caso de que el propietario (a)  haya fallecido se debera presentar copia de la sucesion testamentaria para identificar al albacea y copia de identificacion oficial del mismo. El albacea es quien tendra la facultad de arrendar el inmueble. \n1.- En el contrato se debera de mencionar el giro especifico, asi como la ubicacion y medidas del predio, asi como la vigencia del contratro.\n2.- Los requisitos deberan de presentarse en dos tantos a excepcion a excepcion del FUSARE.\n3.- El costo del uso de suelo es de acuerdo a las medidas del predio.\n4.-El costo de las licencias es de acuerdo al giro.\n5.-El tramite y servicio es gratuito.\n', 'Ley Organica Municiapal del Estado de Aguascalientes. Articulo 39, Fraccion XII.\nCodigo Municipal de Jesus Maria, Aguascalientes.Articulo 9 Fraccion XI.\nLey de Gestion Empresarial y Mejora Regulatoria para el Estado de Aguascalientes. Ariculos 71,72 y 73.\nReglamento para la Mejora Regulatoria del Municipio de Jesus Maria. Articulo 50,51,62 y 63.\nLey de ingresos del Municipio de Jesus Maria, Aguascalientes, de acuerdo al ejercicio fiscal vigente.', 1),
(2, 10, 'Apertura de empresas de mediano y alto riesgo.', 'SEDM02', 'Pùblico en General', 'Licencia de funcionamiento-Empresas de medio y alto riesgo.', 'Variable segun giro comericial', '10 dias', '1 año', 'Secretaria de Desarrollo Economico', 'Av. Paseo de los Chicahuales 401altos, Col. Benigno Chavez', '963-92-37 y 9639665', 'De Lunes a Viernes  de 8:30 a 16:00 hrs.', 'Secretaria de Desarrollo Economico', 'sare@jesusmaria.gob.mx', 'El tramite y la asesoria notienen costo, solo la licencia y este varia de acuerdo al giro. \n1.- Los documentos seran  presentados en un tanto a excepcion del Formato de Apertura de Establecimiento.\n2.- El tramite y el servicio es gratuito.', 'Ley organica Municipal del Estado de Aguascalientes. Articulo 39, Fraccion XII.\nCodigo Municipal de Jesus Maria, Aguascalientes. Articulo 9, Fraccion XI.\nLey de ingresos del Municipio de Jesus Maria , Aguascalientes, de acuerdo al ejercicio fiscal vigente.', 1),
(3, 11, 'TALLERES', 'IM03', 'MUJERES Y HOMBRES', 'QUE LOS PARTICIPANTES CONOZCAN SUS DERECHOS Y QUE SEAN CAPACES DE TOMAR SUS PROPIAS DECISIONES', 'GRATUITO', 'INMEDIATA', 'NINGUNA', 'INSTANCIA DE LA MUJER', 'BLVD. PASEO DE LOS CHICAHUALES #401 COL. DEPORTIVA', '361 80 04', 'LUNES A VIERNES DE 08:30 AM A16:00 HRS', 'INSTANCIA DE LA MUJER', 'instanciamujeres@gmail.com', 'N/A', 'CÓDIGO MUNICIPAL\nARTICULO 680 FRACCIONES IV, V, VVI, VII Y VIII.', 1),
(4, 10, 'Capacitaciones', 'SDEM03', 'Empresarios y emprendedores del Municipio', 'Conocimiento y asesoria para inicair o ampliar un negocio', 'Checar observaciones', 'Segun Convocatoria', 'Segun Convocatoria', 'Secretaria de Desarrollo Economico', 'Av. Paseos de los Chicahuales No. 401 altos, Jesus Maria, Ags.', '9639237 y 9639665', 'De lunes a viernes de 8:30 a 16:00 Hrs.', 'Promocion y Desarrollo Empresarial', 'melissa.valtierra@jesusmaria.gob.mx', 'Los talleres son impartidos por personal de NAFINSA y las fechas para los mismos varian, segun agenda y programacion del mismo  personal.', 'Ninguno', 1),
(5, 11, 'ATENCION PSICOLOGICA', 'IM01', 'MUJERES Y HOMBRES', 'TERAPIA PSICOLÓGICA, SEGUIMIENTOS, Y SE EXPIDE CONSTANCIA DE ATENCION PARA ESCUELA O SU TRABAJO, SEGÚN SEA EL CASO.', 'GRATUITO', 'INMEDIATA', 'NINGUNA', 'INSTANCIA DE LA MUJER', 'BLVD. PASEO DE LOS CHICAHUALES #401 COL. DEPORTIVA', '361 80 04', 'LUNES A VIERNES DE 08:30 AM A 16:00 HRS', 'INSTANCIA DE LA MUJER', 'instanciamujeres@gmail.com', 'NINGUNA', 'CÓDIGO MUNICIPAL ARTICULO 680 FRACCIONES IV, V, VI, VIIY VII.', 1),
(6, 11, 'ASESORÍA JURÍDICA ', 'IM02', 'PUBLICO EN GENERAL', 'PROCEDIMIENTOS COMO: DIVORCIOS, TRAMITES Y ACOMPAÑAMIENTOS ANTE LAS AUTORIDADES CORRESPONDIENTES.', 'GRATUITO', 'INMEDIATA', 'NINGUNA', 'INSTANCIA DE LA MUJER', 'BLVD. PASEO DE LOS CHICAHUALES #401 COL. DEPORTIVA', '361 80 04', 'LUNES A VIERNES DE 08:30 AM A 16:00 HRS', 'INSTANCIA DE LA MUJER', 'instanciamujeres@gmail.com', 'NINGUNA', 'CODIGO MUNICIPAL ARTICULO 680 FRACCIONES IV, V, VI, VII Y VIII.', 1),
(7, 16, 'Limpia, recolección, traslado, tratamiento y disposición final de residuos.', 'SSERVPM02', 'PÚBLICO EN GENERAL', 'Limpia y recolección.', 'Sin costo', '8 hrs', 'indeterminado ', 'Departamento de Limpia y Aseo Público. ', 'Cielo Azul numero 122, fracc. Cielo Claro, Jesús María, Ags.', '963-87-07 y 963-87-08', ' De las 8:30 a las 16:00 horas de Lunes a Viernes.', 'Departamento de Limpia y Aseo Público', 'servicios.publicos@jesusmaria.gob.mx', 'Ninguna', 'Articulo 115,fracción III, inciso c), de la constitución Política de los Estados Unidos Mexicanos\nArticulo 69, fracción III de la Constitución Política del Estado de Aguascalientes.\nArticulo 58, fracción IX, del Bando Municipal Jesús María', 0),
(8, 16, 'Recolección, Transportación y Destino Final Residuos Sólidos Urbanos De Sitios Públicos.', 'SSERVPM01', 'Toda persona que lo requiera', 'Recolección de Residuos', 'sin costo', 'Sujeto a ruta', 'Indeterminada', 'Departamento de Limpia y Aseo Público.', 'Cielo Azul número 122, fracc. Cielo Claro, Jesús María, Ags.', '963-87-07 y 963-87-08', 'De las 8:30 a las 16:00 horas de Lunes a Viernes.', 'Departamento de Limpia y Aseo Público', 'servicios.publicos@jesusmaria.gob.mx', 'Ninguna', 'Articulo 115,fracción III, inciso c), de la Constitución Política de los Estados Unidos Mexicanos.\nArticulo 69, fracción III de la Constitución Política del Estado de Aguascalientes.\nArticulo 40 del Reglamento para la Prestación del Servicio de Aseo Público en el Municipio de Jesús  María.', 0),
(9, 5, 'Formaciòn de comites vecinos en armonia', 'SDSM06', 'Toda población en general', 'Actas', 'Gratuito', 'De acuerdo a fechas ', '3 años', 'Secretaria de Desarrollo Social', 'Emiliano Zapata # 109 Zona Centro, Jesús María Ags.', '(449) 965 0088 Ext. 1052', 'De lunes a viernes de 8:30 a 16:00 hrs.', 'Programa de Acciones Municipales ', 'conchis1974@gmail.com', 'Capacitación a cargo de prevención del delito', 'Ninguno', 0),
(10, 16, 'Colocación de Mobiliario o Recipientes de Aseo para Depósito de Residuos Sólidos Urbanos. ', 'SSERVPM03', 'Publico en General', 'Instalación de Contenedores ', 'Sin costo', 'Sujeto a disponibilidad y aprobación.', 'Indeterminado.', 'Departamento de Limpia y Aseo Público.', 'Cielo Azul número 122, fracc. Cielo Claro, Jesús María, Ags.', '963-87-07 y 963-87-08', 'De las 8:30 a las 16:00 horas de Lunes a Viernes.', 'Departamento de Limpia y Aseo Público.', 'servicios.publicos@jesusmaria.gob.mx', 'Ninguna.', 'Articulo 115, fracción III, inciso c), de la Constitución Política de los Estados Unidos Mexicanos.\nArticulo 69,fracción III de la Constitución Política del Estado de Aguascalientes.\nCapitulo II, Articulo 31 del Reglamento para la Prestación del Servicio de Aseo Público en el Municipio de Jesús María.', 0),
(11, 16, 'Recolección, Transportación y Disposición Final de Residuos Sólidos Urbanos a Particulares.', 'SSERVPM04', 'Toda persona que genere un volumen mayor de residuos.', 'Contrato de prestación de servicios.', 'Verificar observaciones. ', '2 Hrs.', 'Durante el año en curso.', 'Departamento de Limpia y Aseo Público.', 'Cielo Azul numero 122, fracc. Cielo Claro, Jesús María, Ags.', '963-87-07 y 963-87-08', 'De las 8:30 a las 16:00 horas de Lunes a Viernes.', 'Departamento de Limpia y Aseo Público', 'servicios.publicos@jesusmaria.gob.mx', 'Presentarse en las oficinas de la Secretaría de Servicios Públicos con la documentación antes mencionada para efecto de celebrar el contrato respectivo, realizar el deposito de fianza y pago correspondiente en las oficinas de la Secretaría de Finanzas.\n*Celebración de contrato para la prestación de recolección, transportación y disposición final de residuos sólidos urbanos de manera particular, previo pago de derechos.\n*costo\nI. Por el contenido de un depósito de 0.2 metros cúbicos  $49.00  \nII. Por el contenido de un deposito de 1.30 metros cúbicos  $219.00\nIII. Por el contenido de un deposito de 2.60 metros cúbicos   $446.00\nIV. Por el contenido de un deposito de 5.50 metros cúbicos   $947.00\n', 'Articulo 42, fracciones I,II,III,IV, de la Ley de Ingresos del Municipio de Jesús María, Aguascalientes.\nCapitulo V, Articulo 50 del Reglamento para la Prestación del Servicio de Aseo Publico en el Municipio de Jesús María.', 1),
(12, 16, 'Recoleccion y transporte de animales  encontrados en vía pública.', 'SSERVPM06', 'Publico en general', 'Retiro de cadáveres de animales', 'sin costo', 'Inmediata', 'Indeterminado', 'Departamento de Limpia y Aseo Público', 'Cielo Azul #122, Fracc. Cielo Claro, Jesús María, Ags.', '963-87-07 y 963-87-08', 'De Lunes a Viernes de 8:30 a16:00 hrs.', 'Departamento de Limpia y Aseo Público.', 'servicios.publicos@jesusmaria.gob.mx', 'Ninguna', 'Articulo 115,fracción III, inciso c), de la Constitución Política de los Estados Unidos Mexicanos,\nArticulo 69, fracción III, de la Constitución Política del Estado de Aguascalientes,Capitulo  III, articulo 39 del Reglamento para la prestación del Servicio de Aseo Publico en el municipio de Jesús María.  ', 0),
(13, 16, 'Limpieza de predios o inmuebles particulares en deshierbe,desmalezar o retiro de escombro', 'SSERVPM07', 'Público en general', 'Limpieza de predios particulares', 'Verifique observaciones', '5 Hrs', 'Año en curso', 'Departamento de Mantenimiento de Áreas Públicas', 'Cielo Azul #122, Fracc. Cielo Claro, Jesús María, Ags.', '963-87-07 y 963-87-08', 'De las 8:30 a las 16:00 horas de Lunes a Viernes.', 'Departamento de Mantenimiento de Áreas Públicas', 'servicios.publicos@jesusmaria.gob.mx', 'Por deshierbe,limpieza y acarreo de basura por m2, $32.00, limpieza y  acarreo de escombro por m3, $164.00, limpieza de banqueta del predio por metro lineal, $25.00. ', 'Articulo 37,fracciones I,II y III, de la Ley de Ingresos del Municipio de Jesús María, Aguascalientes, para el Ejercicio Fiscal Vigente', 1),
(14, 10, 'CREDITOS DEL SISTEMA DE DINANCIAMIENTO DEL AGS.', 'SDEM04', 'Empresarios y emprendedores del municipio.', 'Crèdito para abrir o ampliar un negocio', 'Checar observaciones', 'Inmediata', 'Todo el año', 'Secretaria de Desarrollo Economico', 'Av. Paseos de los Chicahuales No. 401 altos, Jesùs Marìa', '9639237 y 9639665', 'De Lunes a Viernes de 8:30 a 16:00 hrs.', 'Desarrollo Economico', 'melissa.valtierra@jesusmaria.go.mx', '1.-La asesoria y tramites son gratuitos.\n 2.-Los crèditos se formalizan con la firma de un contrato de crèdito ante fedetario publico. 3.- Los honorarios corren por cuenta del solicitante.  \nRestricciones:\n1.- No se apoyan activiades primarias, actividades especulativas ni denominadas giros rojos.\n2.-No se apoya el pago de pasivos.\n3.-Son motivo de rechazo los casos de antecedente4s graves en los reportes de informacion crediticio (burò de crèdito), aplicable tanto a los solicitantes como a sus avales u obligados solidarios.\n', 'Ninguno', 1),
(15, 16, 'Mantenimiento y Limpieza de Áreas de uso común, Parques y Áreas Públicas.', 'SSERVPM08', 'Publico en general', 'Mantenimiento de uso común.', 'sin costo', 'Inmediato', 'Indeterminado', 'Departamento de Mantenimiento de Áreas Públicas', 'Cielo Azul número 122, fracc. Cielo Claro, Jesús María, Ags', '963-87-07 y 963-87-08', 'De Lunes a Viernes de 8:30 a 16:00 hrs', 'Departamento de Mantenimiento de Áreas Públicas', 'servicios.publicos@jesusmaria.gob.mx', 'Ninguna.', 'Ninguno.', 0),
(16, 16, 'Transportación de agua saneada con calidad 03', 'SSERVPM09', ' Publico en general', 'Agua saneada calidad 03', 'Variable según la distancia.', '1 Día ', 'Año en curso', 'Departamento de mantenimiento de Áreas Publicas.', 'Cielo Azul #122, Fracc. Cielo Claro, Jesús María, Ags.', '963-87-07 y 963-87- 08', 'De Lunes a Viernes de 8:30 a 16:00 hrs.', 'Departamento de mantenimiento de Áreas Publicas.', 'servicios.publicos@jesusmaria.gob.mx', 'I. Por pipa de hasta 10,000 litros, de cabecera hasta 10 Km.  $254.00\nII. Por pipa de hasta 10,000 litros, de cabecera a más de 10 Km. $381.00\nIII. Por pipa de hasta 20,000 litros, de cabecera hasta 10 Km. $444.00\nIV. Por pipa de hasta 20,000 litros, de cabecera a más de 10 Km. $698.00\n*Transportación de agua saneada con calidad 03, para riego de áreas\nverdes o uso en construcciones', 'Articulo 40 de la Ley de Ingresos del Municipio de Jesús María, Ags.\nPara el Ejercicio del Año en Curso.', 1),
(17, 16, 'Pago anual de mantenimiento de los cementerios municipales.', 'SSERVPM10', 'Titular de los derechos de uso de lote o gaveta.', 'Mantenimiento de las áreas de uso común de los cementerios, es decir, calles,andadores,bardas y jardines.', '$107.00 (CIENTO SIETE PESOS 00/100 M.N.) por cada terreno, fosa o gaveta', '1 hora', 'Año en curso', 'Departamentos de Panteones', 'Matamoros S/N esq. con Av. Constitución, Jesús María, Ags.', '9635074', 'De Lunes a Viernes de 8:30 a 16:00 hrs.', 'Departamentos de Panteones', 'servicios.publicos@jesusmaria.gob.mx', 'Ninguna', 'Artículo 115,fracción II,inciso e), de la Constitución Política de los Estados Unidos Mexicanos,\nArticulo 69,fracción V de la Constitución Política del Estado de Aguascalientes.\nCapitulo V,articulo 55 del Reglamento de Cementerios del municipio de Jesús María,Aguascalientes.\nArticulo 45 de la Ley de Ingresos del Municipio de Jesús María,Aguascalientes.', 1),
(18, 10, 'Diagostico Empresarial', 'SDEM05 ', 'Empresarios del municipio', 'Diagnistico empresarial', 'Gratuito', 'Por convocatoria', '2020', 'Secretarìa de Desarrollo Econòmico', 'Av. Paseos de los Chicahuales 401 altos, Jesùs Marìa, Ags.', '9639237 y 9639665', '8:30 a 16:00 Hrs.', 'Secretaria de Desarrolo Econòmico', 'melissa.valtierra@jesusmaria.gob.mx', 'Los diagnosticos son realizados por personal de NAFINSA y las fechas para los mismo varian segùn agenda y programaciòn del mismo personal.', 'Ninguno', 0),
(19, 16, 'Limpieza de calles,andadores,bardas y jardines de los cementerios municipales.', 'SSERVPM11', 'Titular de los derechos de uso de lote o gaveta', 'Limpieza de uso común', '107.00', '8 horas', 'Indeterminada', 'Departamento de Panteones', 'Matamoros S/N esq. con Av. Constitución, Jesús María, Ags.', '9635074', 'De Lunes a Viernes de 8:30 a 16:00 hrs', 'Departamento de Panteones', 'servicios.publicos@jesusmaria.gob.mx', 'Ninguno', 'Articulo 115,fracción III inciso e), de la Constitución Política de los Estados Unidos Mexicanos,\nArticulo 69,fracción V de la Constitución Política del Estado de Aguascalientes,\nCapitulo III, articulo 36,fracción IV, del Reglamento de Cementerios del Municipio de Jesús María.', 1),
(20, 10, 'PROYECTOS PRODUCTIVOS', 'SDEM06', 'Empresario y Emprendedores del Municipio', 'Apoyo para iniciar o ampliar un negocio.', 'Checar Observaciones', 'Segùn convocatoria', 'Segùn convocatoria', 'Secretarìa de Desarrollo Econòmico', 'Av. Paseo de los Chicahuales No. 401 altos, Jesùs Marìa, Ags.', '9639237 y 9639665', 'De lunes a viernes de 8:30 a 16:00 hrs.', 'Promociòn y DEsarrollo Empresarial', 'melissa.valtierra@jesusmaria.gpb.mx', '1.- La asesorìa y tramites son gratuitos. 2.- Los proyectos productivos deben ser realizados por tècnicos certificados en las dependencias gubernamentales encargadas de otorgar dichos poyos y los honorarios de los mismos corren por cuenta de los aspirantes. 3.-Se da al aspirante la lista de tècnicos Certificados, segun la convocatoria en la que desea participar, mas sin embargo no existe ningùn tipo de relaciòn entre secretatria y prestadores de servicio, ellos son externos y ajenos completamente a la  misma. Restricciones: Son motivo de rechazo los casos deonde los aspirantes no cumplan en tiempo y forma con lo establecido en las convocatorias.', 'Ninguno', 1),
(21, 16, 'Inhumación en fosa del cementerio municipal.', 'SSERVPM12', 'Público en general', 'Inhumación ', '283.00', '30 Minutos', 'Año en curso', 'Departamentos de Panteones', 'Matamoros S/N esq. con Av. Constitución, Jesús María,Ags.', '9635074', 'De Lunes a Viernes de 8:30 a 16:00', 'Departamentos de Panteones', 'servicios.publicos@jesusmaria.gob.mx', 'Ninguna.', 'Articulo 115,fracción III, inciso e), de la Constitución Política de los Estados Unidos Mexicanos.\nArticulo 69,fracción V de la Constitución Política del Estado de Aguascalientes.\nCapitulo VII,articulo 52 del Reglamento de Cementerios del municipio de Jesús María.\nArticulo 44,inciso a), de la Ley de Ingresos del Municipio de Jesús María,Aguascalientes, para el ejercicio fiscal vigente.', 1),
(22, 5, 'Talleres', 'CDSM02', 'Toda Población en general', 'Diploma', '$ 12 pesos por clase', 'Al momento de solicitar la inscripción', 'Cada 6 meses', 'Secretaría de Desarrollo Social', 'Emiliano Zapata # 109 Zona Centro Jesús María Ags.', '(449) 965 0088 Ext. 1052, 1053', 'De lunes a viernes de 08:30 am. a 16:00 hrs.', 'Dirección de Programas Sociales ', 'cpliliponce@gmail.com', 'Los talleres se impartirán en los CEDECOS del Municipio en las siguientes direcciones, Cedeco Lomas de Jesús María, calle Bonampak # 600 Fracc. Lomas de Jesús María Tel. 392 2624, \nCedeco Margaritas calle Bugambilias # 200 Delegación Margaritas  ', 'Ley de Ingresos pag. 56 Articulo 61', 0),
(23, 16, 'Inhumación con material y mano de obra.', 'SSERVPM13', 'Público en general.', 'Inhumación con material y mano de obra.', '893.00', '30 Minutos', 'Año en curso', 'Departamentos de Panteones', 'Matamoros S/N esq. con Av. Constitución, Jesús María, Ags.', '9635074', 'De Lunes a Viernes de 8:30 a 16:00 hrs.', 'Departamentos de Panteones', 'servicios.publicos@jesusmaria.gob.mx', 'Ninguna', 'Articulo 115,fracción III, inciso e), de la Constitución Política de los Estados Unidos Mexicanos.\nArticulo 69,fracción V de la Constitución Política del Estado de Aguascalientes.\nCapitulo VII,articulo 52 del Reglamento de Cementerios del municipio de Jesús María.\nArticulo 44, inciso b), de la Ley de Ingresos del Municipio de Jesús María,Aguascalientes, para el ejercicio fiscal vigente.', 1),
(24, 16, 'Exhumación de restos áridos humanos.', 'SSERVPM14', 'Público en general', 'Extracción de restos áridos humanos del lugar de donde se encuentren depositados.', '141.00', '30 Min', 'Año en curso', 'Departamento de Panteones', 'Matamoros S/N esq.con Av. Constitución, Jesús María,Ags', '9635074', 'De Lunes a Viernes de 8:30 a 16:00 hrs.', 'Departamento de Panteones', 'servicios.publicos@jesusmaria.gob.mx', 'Haber cumplido con el termino establecido por la dirección de salud.', 'Art. 115,fracción III,inciso e),de la Constitución Política de los Estados Unidos Mexicanos.\nArt.69,fracción V de la Constitución Política del Estado de Aguascalientes.\nCapitulo IX,articulos 76 y 80 del Reglamento de Cementerios del Municipio de Jesús María,Aguascalientes.\nArt.44,inciso c) de la Ley de Ingresos del Municipio de Jesús María,Aguascalientes. Para el Ejercicio Fiscal Vigente.', 1),
(25, 16, 'Exhumación de restos áridos humanos y mano de obra.', 'SSERVPM15', 'Toda persona que lo solicite y que acredite su interés legal.', 'Extracción de restos áridos humanos del lugar de donde se encuentren depositados.', '786.00', '30 Min.', 'Año en curso', 'Departamentos de Panteones', 'Matamoros S/N esq. con Av. Constitución, Jesús María,Ags.', '9635074', 'De Lunes a Viernes de 8:30 a 16:00 hrs.', 'Departamentos de Panteones', 'servicios.publicos@jesusmaria.gob.mx', 'Haber cumplido con el término establecido por la dirección de salud.', 'Art. 115,fracción III,inciso e),de la Constitución Política de los Estados Unidos Mexicanos.\nArt.69,fracción V de la Constitución Política del Estado de Aguascalientes.\nCapitulo IX,articulos 76 y 80 del Reglamento de Cementerios del Municipio de Jesús María,Aguascalientes.\nArt.44,inciso d) de la Ley de Ingresos del Municipio de Jesús María,Aguascalientes. Para el Ejercicio Fiscal Vigente.', 1),
(26, 10, 'TALALERES DE HABILIDADES PARA LA BUSQUEDA DE EMPLEO', 'SDEM07', 'Personas que buscan empleo', 'Capacitaciòn y orientaciòn de comportamiento y documentaciòn necesaria gratuita.', 'Gratuito', 'Por convocatoria', 'Noviembre', 'Secretaria de Desarrollo Economico', 'Carmen Briseño No. 302, Col. Benigno Chàvez', '9636028', 'De Lunes a Viernes de 8:30 a 16:00 Hrs,', 'Unidad Regional del Servicio Nacional de Empleo', 'vinculacionjma@gmail.com', 'Ir adecuadamente vestida de acuerdo a la vacante y tener un comportamiento adecuado dentro de la misma.', 'Ninguno', 1),
(27, 10, 'MOVILIDAD LABORAL SECTOR AGRICOLA Y SECTOR INDUSTRIAL', 'SDEM08', 'Trabajador con perfil para desempeñar las vacantes solicitadas ', 'Empleo garantizado y seguro en otros paises', 'Gratuito', 'Variable', 'Variable', 'Secretarìa de Desarrollo Econòmico', 'Carmen Briseño No. 302, Col. Benigno Chàvez', '9636028', 'De Lunes a Viernes de 8:30 a 16:00 hrs.', 'Unidad Regional del Servicio Nacional de Empleo', 'vinculacionjma@gmail.com', 'Ninguna', 'Ninguno', 1),
(28, 10, 'VINCULACION LABORAL', 'SDEM09', 'Buscadores de Empleo', 'Ofertas de Trabajo', 'Gatruito', 'Inmediata', 'Ninguna', 'Unidad Regional del Servicio Nacional de Empleo', 'Carmen Briseño No. 302, Col. Benigno Chàvez', '9636028', 'De Lunes a Viernes de 8:30 a 16:00 hrs.', 'Unidad Regional del Servicio Nacional de Empleo', 'vinculacionjma@gmail.com', 'Los servicios de vinculaciòn laboral son intervenciones que realiza el servicio nacional del empleo con las  cuales se proporciona informaciòn y asesorìa, tanto a empleados para publicar y cubrir sus vacantes, como a buscadores de empleo para postularse a ellas en base a su perfil laboral.', 'Dicho servicio esta fundamentado en las reglas de operaciòn publicadas en el diario oficial del 26 de diciembre del 2017, en la sexta secciòn en el apartado 3.7 referente a subprogramas.', 1),
(29, 3, 'Alta al padrón de proveedores', 'SFM01', 'Público en general', 'Comprobante de alta como proveedor', 'Gratuito', 'Inmediato', '1 año', 'Secretaria de Finanzas', 'Emiliano Zapata #109, Centro, Jesús María, Ags.', '9650088 ext 1048 - 1085', 'De Lunes a Viernes de 8:30 a 16:00 hrs.', 'Dirección de Adquisiciones y Licitaciones', 'secretaria.finanzas@jesusmaria.gob.mx', 'Ninguna', 'Bando de Policía y Gobierno del Municipio de Jesús María, Aguascalientes. y Diversos Reglamentos', 1),
(30, 5, 'Programa Pensión para el bienestar de las personas con discapacidad', 'SDSM10', 'Niñas, niños y jóvenes con discapacidad permanente de 0 a 29 años que vivan en Municipios de alta marginación', 'Información', 'Gratuito', 'Variable', 'Ninguna', 'Secretaría de Desarrollo Social', 'Emiliano Zapata # 109 Zona Centro, Ags.', '(449) 965 0088 Ext. 1053', 'de lunes a viernes de 8:30 a 16:00 hrs.', 'Dirección de Programas Sociales ', 'cpliliponce@gmail.com', 'Ninguna', 'Ninguno', 0),
(31, 8, 'Petición de Infraestructra ', 'SOPM01', 'Público en General', 'Seguimiento de gestión', 'Gratuito', 'En el momento', 'Ninguna', 'Secretaria de Obras Públicas', 'Emiliano Zapata No. 109  Col. Centro, Jesús María, Aguascalientes ', '(449)965-00-88  ext. 1092', 'De Lunes a Viernes de 8:30 - 16:00 hrs.', 'Secretaria de Obras Públicas', 'secretaria.obras@jesusmaria.gob.mx', 'Ninguna ', 'Ninguna', 0),
(32, 3, 'Pago de Impuesto sobre adquisición de bienes inmuebles', 'SFM02', 'Público en general', 'Comprobante de pago de ISABI y Traslado de dominio con sellos de Finanzas', 'Según corresponda', 'No especifico', 'No aplica', 'Secretaria de Finanzas', 'Emiliano Zapata #109, Centro, Jesús María, Ags', '9650088 ext 1083', 'Lunes a Viernes de 8:30 a 14:00', 'Departamento de Ingresos', 'pago.predial@jesusmaria.gob.mx', 'Ninguna', 'Articulo 6 de la Ley de Ingresos del Municipio de Jesús María, Aguascalientes.\nCapitulo II de la Ley de Hacienda del Municipio de Jesús María, Aguascalientes.\nBando de Policia y Gobierno del Municipio de Jesús María, Aguascalientes', 1),
(33, 3, 'Revalidación de Licencias de Funcionamiento Reglamentadas y Comerciales', 'SFM03', 'Público en general', 'Comprobante de pago y sello de la licencia', 'Según corresponda', 'Inmediato', '1 año', 'Secretaria de Finanzas', 'Emiliano Zapata #109, Centro Jesús María, Ags', '9650088 ext 1083 - 1027', 'Lunes a Viernes de 8:30 a 16:00 hrs.', 'Departamento de Ingresos', 'pago.predial@jesusmaria.gob.mx', 'Ninguna', 'Ley de Ingresos del Municipio de Jesús María para el ejercicio fiscal 2020.\nBando de Policia y gobierno del Municipio de Jesús María', 1),
(34, 3, 'Pago Anual de Contribuciones', 'SFM04', 'Toda persona que tenga bienen inmuebles dentro del municipio', 'Predial Pagado', 'Según corresponda', 'Inmediato', '1 año', 'Secretaria de Finanzas', 'Emiliano Zapata #109, Centro Jesús María. Ags', '9650088 ext 1083 - 1027', 'Lunes a Viernes de 8:30 a 16:00 hrs.', 'Departamento de Ingresos', 'pago.predial@jesusmaria.gob.mx', 'Ninguna', 'Ley de Ingresos del Municipio de Jesús María, Aguascalientes para el ejercicio fiscal 2020.\nBando de Policia y Gobierno del Municipio de Jesús María.\nLey de Hacienda del Municipio de Jesús María.', 1),
(35, 16, 'Reinhumación de restos áridos', 'SSERVPM16', 'Público en general', 'Reinhumación de restos áridos', '89.00', '30 Min', 'Año en curso', 'Departamento de Panteones', 'Matamoros S/N esq. con Av. Constitución, Jesús María, Ags.', '9635074', 'De Lunes a Viernes de 8:30 a 16:00 hrs.', 'Departamentos de Panteones', 'servicios.publicos@jesusmaria.gob.mx', 'Haber cumplido con el término establecido por la dirección de salud.', 'Articulo 115, fracción III, inciso e), de la Constitución Política de los Estados Unidos Mexicanos.\nArticulo 69, fracción V de la Constitución Política del Estado de Aguascalientes. \nCapitulo III, Articulo 36 del Reglamento de Cementerios del Municipio de Jesús María.\nArticulo 44, inciso e), de la Ley de Ingresos  del Municipio de Jesús María,Aguascalientes, para el Ejercicio Fiscal Vigente.', 1),
(36, 16, 'Reinhumación de restos áridos con material y mano de obra.', 'SSPRRA17', 'Público en general.', 'Reinhumación de restos áridos', '1,224.00', '30 Min', 'Año en curso', 'Departamento de Panteones.', 'Matamoros S/N esq. con Av. Constitución, Jesús María,Ags. ', '9635074', 'De Lunes a Viernes de 8:30 a 16:00 hrs.', 'Departamento de Panteones.', 'servicios.publicos@jesusmaria.gob.mx', 'Haber cumplido con el término establecido por la dirección de salud.', 'Articulo 115,fracción III, inciso e), de la Constitución Política de los Estados Unidos Mexicanos.\nArticulo 69,fracción V de la Constitución Política del Estado de Aguascalientes.\nCapitulo IX,articulo 78 del Reglamento  de Cementerios del Municipio de Jesús María.\nArticulo 44, inciso f), de la Ley de Ingresos del Municipio de Jesús María,Aguascalientes,para el Ejercicio Fiscal Vigente.', 1),
(37, 16, 'Autorización para traslado de cadáveres o sus restos. ', 'SSERVPM18', 'Toda persona que lo solicite y que acredite su interés legal.', 'Autorización.', '901.00', '1 Hora', 'Año en curso', 'Departamento de Panteones', 'Matamoros S/N esq. con Av. Constitución,Jesús María,Ags.', '9635074', 'De Lunes a Viernes de 8:30 a 16:00 hrs.', 'Departamento de Panteones', 'servicios.publicos@jesusmaria.gob.mx', 'Autorización para traslado de cadáveres o de sus restos dentro del territorio nacional.', 'Articulo 115,fracción III inciso e) de la Constitución Política de los Estados Unidos Mexicanos. \nArticulo 69,fracción V de la Constitución Política del Estado de Aguascalientes.\nArticulo 44, inciso g), de la Ley de  Ingresos del Municipio de Jesús María.\nPara el Ejercicio Fiscal Vigente.', 1),
(38, 16, 'Autorización para traslado de cadáveres fuera del país.', 'SSERVPM19', 'Toda persona que lo solicite y que acredite su interés legal.', 'Autorización.', '1269.00', '1 Hora', 'Año en curso.', 'Departamento de Panteones.', 'Matamoros S/N esq. con Av. Constitución, Jesús María,Ags.', '9635074', 'De Lunes a Viernes de 8:30 a 16:00 hrs.', 'Departamento de Panteones.', 'servicios.publicos@jesusmaria.gob.mx', 'Autorización para traslado de cadáveres o de sus restos fuera del territorio nacional.', 'Articulo 115,fracción III inciso e) Constitución Política de los Estados Unidos Mexicanos.\nArticulo 69,fracción V de la Constitución Política del Estado de Aguascalientes.\nArticulo 44, inciso h) de la Ley de Ingresos del Municipio de Jesús María.\nPara el Ejercicio Fiscal Vigente.', 1),
(39, 16, 'Arrendamiento de gaveta en cementerio nueva vida por el termino de 6 años', 'SSERVPM20', 'Público en general.', 'Arrendamiento de gavetas.', '3,949.00', '30 Min.', 'Año en curso.', 'Departamento de Panteones', 'Matamoros S/N esq. con Av. Constitución, Jesús María,Ags.', '9635074', 'De Lunes a Viernes de 8:30 a 16:00 hrs.', 'Departamento de Panteones', 'servicios.publicos@jesusmaria.gob.mx', 'Ninguno.', 'Articulo 115,fracción II, inciso e), de la Constitución Política de los Estados Unidos Mexicanos.\nArticulo 69,fraccion V de la Constitucion Politica del Estado de Aguascalientes.\ncapitulo IV,articulo 51 del Reglamento de Cementerios del Municipio de Jesús María.\nArticulo 43,fracción IV, inciso a) de la Ley de Ingresos del Municipio de Jesús María.\nPara el Ejercicio Fiscal Vigente.', 1),
(40, 16, 'Venta de terreno o gaveta en panteón municipal.', 'SSERVPM21', 'Público en general.', 'Adquisición  de derecho de perpetuidad', 'Variable de acuerdo al panteón que se refiera', '30 Min.', 'Año en curso', 'Departamento de Panteones.', 'Matamoros S/N esq. con Av. Constitución, Jesús María,Ags.', '9635074', ' De Lunes a Viernes  de 8:30 a 16 hrs.', 'Departamento de Panteones.', 'servicios.publicos@jesusmaria.gob.mx', 'Ya no hay venta de lotes en panteón de los dolores.', 'Articulo 115,fracción III,inciso e) de la Constitución Política de los Estados Unidos Mexicanos.\nArticulo 69,fracción V de la Constitución  del Estado de Aguascalientes.\nCapitulo V,articulo 57 del Reglamento de Cementerios de Jesús María.\nArticulo 43,fracción I,II y III de la Ley de Ingresos  del Municipio de Jesús María.\nPara el Ejercicio Fiscal Vigente.', 1),
(41, 16, 'Licencia de construcción en el panteón municipal.', 'SSERVPM22', 'Toda persona que lo solicite.', 'Autorización de construcción en el panteón municipal. ', 'Variable de acuerdo al tipo de construcción que se requiera.', '30 Min.', 'Año en curso', 'Departamento de Panteones', 'Matamoros S/N esq. con Av. Constitución, Jesús María,Ags.', '9635074', 'De Lunes a Viernes de 8:30 a 16:00 hrs.', 'Departamento de Panteones', 'servicios.publicos@jesusmaria.gob.mx', 'Elaborar plano donde se especifique situación, dimensiones, tipo de construcción,topografía del terreno,distribución,vías internas,zonas, tramos,secciones,manzanas y lotes.', 'Articulo 115, fracción III,inciso e) Constitución Política de los Estados Unidos Mexicanos.\nArticulo 69,fracción V de la Constitución Política del Estado de Aguascalientes.\nCapitulo III,articulo 41 del Reglamento de Cementerios del municipio de Jesús María.\nArticulo 46 de la Ley de Ingresos del Municipio de Jesús María.\nPara el Ejercicio Fiscal Vigente.', 1),
(42, 5, 'Ampliación y/o mejoramiento a la vivienda (FAIS-FISE) 2020', 'SDSM05', 'Público en general', 'Información', 'Gratuito', 'Variable', 'Ninguna', 'Secretaría de Desarrollo Social Municipal', 'Emiliano Zapata # 109 Zona Centro Jesús María Ags.', '(449) 965 0088 Ext. 1053', 'De  lunes a viernes de 8:30 a 16:00 hrs.', 'Dirección de Programas Sociales ', 'cpliliponce@gmail.com', 'Ninguna', 'Ninguno', 0),
(43, 16, 'Servicio de luz eléctrica  que se instala en calles,lugares públicos,así como, mantenimiento del mismo.', 'SSERVPM23', 'Público en general.', 'Instalación,reparación y mantenimiento  del servicio de luz eléctrica en lugares públicos.', 'Sin costo.', 'Variable.', 'Indeterminado.', 'Departamento de Alumbrado Publico.', 'Cielo Azul numero 122,fracc. Cielo Claro, Jesús María, Ags.', '963 87 07 y 963 87 08', 'De Lunes a Viernes de 8:30 a 16:00 hrs.', 'Departamento de Alumbrado Publico.', 'servicios.publicos@jesusmaria.gob.mx', 'Servicio de luz eléctrica que se instala en calles,calzadas,plazas,parques,jardines y todos los lugares públicos o de uso común, así como, reparación y mantenimiento preventivo y correctivo del mismo.', 'Articulo 115,fracción  I,II, inciso b), de la Constitución Política de los Estados Unidos Mexicanos.\nArticulo 69, fracción II de la Constitución Política del Estado de Aguascalientes.\nArticulo 38,fracción II y III del Bando de Policía y Gobierno del Municipio de Jesús María.\nArticulo 50 y 51 de la Ley de Ingresos del Municipio de Jesús María.\nPara el Ejercicio Fiscal Vigente.', 0),
(44, 16, 'Otorgar visto bueno o dictamen técnico en las obras que realicen las fraccionadoras.', 'SSERVPM24', 'Fraccionadoras, desarrolladoras o urbanizadoras.', 'Dictamen Técnico.', 'Variable.', '15 Días.', 'Año en curso.', 'Departamento de Alumbrado Público.', 'Cielo Azul #122,fracc. Cielo Claro, Jesús María,Ags.', '963 87 07 y 963 87 08', 'De Lunes a Viernes de las 8:30 a 16:00 hrs.', 'Departamento de Alumbrado Público.', 'servicios.publicos@jesusmaria.gob.mx', 'Otorgar visto bueno o dictamen técnico en las obras que realicen las fraccionadoras,desarrolladoras o urbanizadoras para la municipalización o entrega respectiva a la administración de condominios.', 'Articulo 24, fracción XXXVII, del Código de Ordenamiento Territorial,Desarrollo Urbano y Vivienda para el Estado de Aguascalientes.\nArticulo 38,fracción IV del Bando de Policía y gobierno del Municipio de Jesús María. ', 1),
(45, 3, 'Sacrificio de Ganado para el consumo humano', 'SFM05', 'Público en general', 'Sacrificio de Ganado Porcino', 'Según corresponda', '12 hrs.', 'Año en curso', 'Departamento de Rastro Municipal', 'Carretera a Valladolid s/n Fraccionamiento la Cuesta', '9650117', '8:30 a 19:00 hrs.', 'Departamento de Rastro Municipal', 'secretaria.finanzas@jesusmaria.gob.mx', 'El costo varia según corresponda al artículo 28 de la Ley de Ingresos del Municipio de Jesús María para el ejercicio fiscal 2020', 'Ley de Ingresos del Municipio de Jesús María para el ejercicio fiscal 2020.\nBando de policía y gobierno del Municipio de Jesús María, Aguascalientes y diversos reglamentos', 1),
(46, 16, 'Atención de reportes ciudadanos, de los diferentes departamentos.', 'SSERVPM25', 'Toda persona que lo solicite.', 'Formato de reporte.', 'Sin costo.', 'Variable.', 'Indeterminado.', 'Dirección de Servicios Públicos.', 'Cielo Azul #122, fracc. Cielo Claro, Jesús María,Ags.', '963 87 07 y 963 87 08.', 'De Lunes a Viernes de 8:30 a 16:00 hrs.', 'Dirección de Servicios Públicos.', 'servicios.publicos@jesusmaria.gob.mx', 'Ninguno.', 'Ninguno.', 0),
(47, 16, 'Mantenimiento de áreas verdes de los camellones.', 'SSERVPM26', 'Toda persona que lo solicite.', 'Mantenimiento de camellones.', 'Sin costo.', '5 Días. ', 'Indeterminado.', 'Departamento de Jardines.', 'Cielo Azul #122,fracc. Cielo Claro, Jesús María,Ags.', '963 87 07 y  963 87 08.', 'De Lunes a Viernes de 8:30 a las 16:00 hrs.', 'Departamento de Jardines.', 'servicios.publicos@jesusmaria.gob.mx', 'Ninguna.', 'Articulo 115,fracción III,inciso g) de la Constitución Política de los Estados Unidos Mexicanos.\nArticulo 69, fracción VII, de la Constitución Política del Estado de Aguascalientes.', 0),
(48, 16, 'Poda, clareo y derribo de árboles ubicados en bienes de dominio público.', 'SSERVPM27', 'Toda persona que lo solicite.', 'Poda, aclareo y derribo de árboles ubicados en bines de dominio público.', 'Sin costo.', '30 Días.', 'Indeterminado.', 'Departamentos de Jardines.', 'Cielo Azul #122,fracc. Cielo Claro, Jesús María,Ags.', '963 87 07 y 963 87 08', 'De Lunes a Viernes de las 8:30 a las 16:00 hrs.', 'Departamentos de Jardines.', 'servicios.publicos@jesusmaria.gob.mx', 'Ninguna.', 'Articulo 115,fracción III,inciso g) de la Constitución Política de los Estados Unidos Mexicanos.\nArticulo 69, fracción VII,de la Constitución Política del Estado de Aguascalientes.\nArticulo 10,fracción I del Reglamento de Áreas Verdes del Municipio de Jesús María.', 0),
(49, 16, 'Poda,aclareo y derribo de árboles ubicados en bienes de particulares,previo pago de derechos.', 'SSERVPM28', 'Toda persona que lo solicite.', 'Poda,aclareo y derribo de árboles ubicados en bienes de particulares,previo pago de derechos.', 'Varia según el servicio y la altura.', '30 Días.', 'Año en curso.', 'Departamento de Jardines', 'Cielo Azul #122,fracc. Cielo Claro, Jesús María,Ags.', '963 87 07 y  963 87 08', 'De Lunes a Viernes de 8:30 a 16:00 hrs.', 'Departamento de Jardines', 'servicios.publicos@jesusmaria.gob.mx', 'Ninguna.', 'Articulo 115,fracción III, inciso g), de la Constitución Política de los Estados Unidos Mexicanos.\nArticulo 69,fracción VII, de la Constitución Política del Estado de Aguascalientes.\nCapitulo IV,articulo 49 del Reglamento de Áreas Verdes del Municipio de Jesús María.', 1),
(50, 5, 'Tandas para el Bienestar', ' SDSM11', 'A la Población dirigida a pequeños negocios, talleres, tiendas y otro tipo de actividades productivas.', 'Información', 'Gratuito', 'Variable', 'Ninguna ', 'Secretaría de Desarrollo Social', 'Emiliano Zapata # 109 Zona Centro Jesús María Ags.', '(449) 965 0088 Ext. 1053, ', 'De lunes a viernes de 8:30 a 16:00 hrs.', 'Dirección de Programas Sociales ', 'cpliliponce@gmail.com', 'Ninguna', 'Ninguno', 0),
(51, 5, 'Becas Benito Juárez', 'SDSM12', 'Niñas, niños y jóvenes, de educación inicial, primaria, secundaria, preparatoria y universidad. ', 'Información', 'Gratuito', 'Variable', 'Ninguna', 'Secretaría de Desarrollo Social', 'Emiliano Zapata # 109 Zona Centro Jesús María Ags.', '(449) 965 0088 Ext. 1053', 'De lunes a viernes de 8:30 a 16:00 hrs.', 'Dirección de Programas Sociales', 'cpliliponce@gmail.com', 'El sistema becas se divide en 4, Becas para el bienestar de las familias, Becas Benito Juárez, Jóvenes escribiendo el futuro, y Jóvenes construyendo el futuro.', 'Ninguno', 0),
(52, 5, 'Pagos de 68 y mas', 'SDSM01', 'Toda población con 68 años y mas', 'Información', 'Gratuito', 'Inmediata', 'Ninguna', 'Secretaria de Desarrollo Social', 'Emiliano Zapata # 109 Zona Centro, Jesús María Ags.', '(449) 965 0088 Ext. 1053', 'De lunes a viernes de 8:30 a 16:00 hrs.', 'Dirección de Programas Sociales', 'cp.liliponce@gmail.com', 'Ninguna', 'Ninguno', 0),
(53, 18, 'TALLERES EN ESCUELAS ', 'IJM01', 'JÓVENES Y ADOLESCENTES ', 'CAPACITACIÓN ', 'GRATUITO', 'INMEDIATA ', 'NINGUNA ', 'INSTANCIA DE LA JUVENTUD ', 'BLVD. PASEOS DE LOS CHICAHUALES # 403, COL. DEPORTIVA, JESÚS MARÍA, AGS.', '963-93-69', 'LUNES A VIERNES DE 8:30 AM A 7:30 PM ', 'INSTANCIA DE LA JUVENTUD ', 'juventudjesusmaria@gmail.com', 'ninguna ', 'Bando de Policía y Gobierno del Municipio de Jesús María, Aguascalientes.', 0),
(54, 18, 'LIBERACIÓN DE ESTADÍAS PRACTICAS PROFESIONALES Y SERVICIO SOCIAL.', 'IJM02', 'JÓVENES Y ADOLESCENTES ', 'CARTA DE LIBERACIÓN ', 'SERVICIO GRATUITO ', 'INMEDIATA ', 'NINGUNA ', 'INSTANCIA DE LA JUVENTUD ', 'AV. PASEO DE LOS CHICAHUALES #403, COL. DEPORTIVA, JESÚS MARÍA, AGS.', '963-93-69', 'LUNES A VIERNES DE 8:30 AM A 7:30 PM ', 'INSTANCIA DE LA JUVENTUD ', 'juventudjesusmaria@gmail.com', 'NINGUNA ', 'Bando de Policía y Gobierno del Municipio de Jesús María, Aguascalientes.', 0),
(55, 17, 'PERMISO POR ESPECTÁCULOS Y EVENTOS SOCIALES', 'SHAM02', 'PÚBLICO EN GENERAL QUE LO SOLICITE', 'PERMISO PARA LA REALIZACIÓN DE ESPECTÁCULOS Y EVENTOS SOCIALES', 'VARIABLE', '48HRS', 'DÍA DEL EVENTO', 'SECRETARÍA DEL H. AYUNTAMIENTO Y DIRECCIÓN GENERAL DE GOBIERNO', 'EMILIANO ZAPATA No. 109, CENTRO, JESÚS MARÍA, AGS.', '965 00 88 EXT. 1044', '8:30 A 16:00 HR', 'SECRETARÍA DEL H, AYUNTAMIENTO Y DIRECCIÓN GENERAL DE GOBIERNO', 'yazbek_0106@hotmail.com', '1.- Por conciertos, revistas, variedades, exhibiciones, jaripeos, bailes, box, lucha libre, béisbol, básquetbol, fútbol, carreras de caballos, carreras de automóviles, de bicicletas y deportes similares, becerradas y corridas de toros, charreadas, novilladas, exhibiciones de animales, carpas de óptica, títeres, circos y demás análogos (4.2 % sobre boletaje vendido).\n2.- Permiso para evento social, hasta 100 personas ($ 628.00).\n3.- Permiso para evento social de 101 personas en adelante ($ 1,255.00).\n4.- Permiso para evento con venta y consumo de bebidas alcohólicas, con fines de lucro ($3,429.00).\n5.- Permiso para evento con venta y consumo de bebidas alcohólicas sin fines de lucro ($1,212.00).\n6.- Degustación de bebidas alcohólicas, por día ($400.00).\n7.- Permiso para venta de cerveza durante juegos deportivos, sector aficionado, por día ($250.00).\n8.- Permiso anual para venta de cerveza durante juegos deportivos sector\naficionado, incluye gafete ($7,000.00).\n9.- Costo de permiso provisional para venta y consumo de bebidas alcohólicas en carreras de caballos, peleas de gallos u otro giro que requiera de Permiso Federal ($2,000.00).\n10.- Por la presencia de una ambulancia y dos paramédicos por evento, con unaduración máxima de 5 hrs. ($1,227.00). Por hora adicional ($600.00).\n11.- Por la presencia de dos paramédicos con equipo de respuesta básica porevento, con una duración máxima de 4 hrs ($600.00). Por hora adicional ($564.00).\n12.- Permiso temporal para la instalación d juegos mecánicos y circos en espacios públicos y privados ($2,756.00).', 'Ley de Ingresos del Municipio de Jesús María, Aguascalientes, para el Ejercicio Fiscal del año 2020, Artículo 2, Inciso B).', 1),
(56, 17, 'PERMISO PARA DIVERSIONES', 'SHAM01', 'PÚBLICO EN GENERAL QUE LO SOLICITE', 'PERMISO PARA DIVERSIONES', 'VARIABLE', '48HRS', 'VARIABLE', 'SECRETARÍA DEL H. AYUNTAMIENTO Y DIRECCIÓN GENERAL DE GOBIERNO', 'EMILIANO ZAPATA No. 109, CENTRO, JESÚS MARÍA, AGS.', '965 00 88 EXT. 1044', '8:30 A 16:00 HR', 'SECRETARÍA DEL H, AYUNTAMIENTO Y DIRECCIÓN GENERAL DE GOBIERNO', 'yazbek_0106@hotmail.com', '1.- Por aparatos fono electro-mecánicos, máquinas de video juego, mensualmente por máquina ($86.00).\n2.- Por juegos de tiro al blanco, brincolines, casa de cristal, F futbolitos y similares, diariamente por objeto ($63.00).\n3.- Inflables de hasta 3 metros por día ($85.00).\n4.- Inflables mayores a 3 metros por día ( $110.00).\n5.- Por aparatos de juegos mecánicos como rueda de la fortuna, látigo, carrusel y similares o equivalentes, diariamente por juego ($130.00).\n6.- Parques acuáticos y balnearios, sobre boletaje vendido (4.2%).', 'Ley de Ingresos del Municipio de Jesús María, Aguascalientes, para el Ejercicio Fiscal del año 2020, Artículo 2, Inciso A).', 1),
(57, 17, 'EXPEDICIÓN, ANUALIDAD Y MODIFICACIÓN DE DOMICILIO, CAMBIO DE GIRO Y CAMBIO DE TITULAR DE LA LICENCIA CON GIRO REGLAMENTADO', 'SHAM03', 'PERSONAS FÍSICAS O MORALES QUE: 1) OPEREN ESTABLECIMIENTOS O LOCALES CUYO GIRO PRINCIPAL SEA LA VENTA DE BEBIDAS ALCOHÓLICAS. 2) OPEREN ESTABLECIMIENTOS O LOCALES CUYO ACCESORIO SEA LA VENTA DE BEBIDA', 'LICENCIA REGLAMENTADA', 'VARIABLE', '24 HRS', 'ANUAL', 'COORDINACIÓN DE REGLAMENTOS', 'AV. PASEO DE LOS CHICAHUALES No.401, COL. DEPORTIVA, JESÚS MARÍA, AGS.', '963 91 13', '8:30 A 16:00 HRS', 'COORDINACIÓN DE REGLAMENTOS', 'hugovargasrosado@gmail.com', 'El pago por los derechos de funcionamiento anual de las licencias deberá realizarse a más tardar el 31 de marzo de cada año, cumpliendo, con los requisitos que para el efecto establezcan los ordenamientos municipales correspondientes.\n\nEn cuanto a las cancelaciones de licencias reglamentadas, para efecto de que el contribuyente no genere recargos, el interesado deberá manifestar a más tardar el 31 de marzo del presente año, la cancelación de la licencia para el uso dentro del año correspondiente. Fuera del plazo referido anteriormente, la Secretaría de Finanzas Públicas Municipales determinará en cada manifestación si se acreditó satisfactoriamente la suspensión de las actividades correspondientes para cancelar la licencia sin costo.\nCualquier modificación a las licencias reglamentadas, deberá contar con el visto bueno de la autoridad legalmente competente, realizando previo pago a los derechos cuyo monto será equivalente al 45% del costo de la expedición del giro que corresponda.\nLos giros reglamentados contemplados en la presente Ley, servirán de base para el cobro de los no contemplados y deberá cobrarse al giro que por sus características más se asemeje.\n ', 'Ley de Ingresos del Municipio de Jesús María, Aguascalientes, para el Ejercicio Fiscal del año 2020, Artículo 10.\nReglamento para la Venta y Consumo de Bebidas Alcohólicas del Municipio de Jesús María, Ags.', 1),
(58, 17, 'PERMISOS O LICENCIAS Y/O CÉDULA DE USO Y EXPLOTACIÓN DE VÍA PÚBLICA, MERCADOS Y TIANGUIS', 'SHAM04', 'COMERCIANTES FIJOS, COMERCIANTES SEMI-FIJOS, COMERCIANTES AMBULANTES Y TIANGUISTAS', 'PERMISO O LICENCIA', 'VARIABLE', 'HASTA 30 DÍAS', 'VARIABLE SEGÚN PERMISO', 'DEPARTAMENTO DE ÁREAS COMERCIALES Y MERCADOS', 'MORELOS No. 206, ZONA CENTRO, JESÚS MARÍA, AGS.', '963 63 90', '8:30 A 16:00 HRS', 'DEPARTAMENTO DE ÁREAS COMERCIALES Y MERCADOS', 'udcjmags@hotmail.com', 'Costos por metro lineal y/o excedente:\n1.- Primer cuadro comercial ($12.00).\n2.- Demás Zonas ($9.00).\n3.- Tianguis ($5.00)\n', 'Ley de Ingresos del Municipio de Jesús María, Aguascalientes, para el Ejercicio Fiscal del año 2020, Artículo 34. Reglamento de Mercados Públicos y de Actividades Comerciales en la Vía Pública en el Municipio de Jesús María, Ags.', 1),
(59, 18, 'ORIENTACIÓN PSICOLÓGICA ', 'IJM03', 'JÓVENES Y ADOLESCENTES ', 'CARTA DE QUE SE LLEVO UN PROCESO PSICOLÓGICO EN CASO DE SER SOLICITADA (INSTITUCIÓN O DEPENDENCIA)', 'SERVICIO GRATUITO ', 'INMEDIATA ', 'NINGUNA ', 'Instancia de la Juventud ', 'Blvd. Paseo de los Chicahuales  No. 403, Col. Deportiva, Jesús María. ', '9639369', '8:30 am a 7:30 pm  ', 'Instancia de la Juventud ', 'juventudjesusmaria@gmail.com', 'NINGUNA ', 'Bando de Policía y Gobierno del Municipio de Jesús María, Aguascalientes.', 0),
(60, 18, 'PRÉSTAMO DE COMPUTADORAS ', 'IJM04', 'ADOLESCENTES Y JÓVENES ', 'PRÉSTAMO DE EQUIPO DE COMPUTO ', 'SERVICIO GRATUITO ', 'INMEDIATA ', 'NINGUNA ', 'INSTANCIA DE LA JUVENTUD ', 'BLVD. PASEO DE LOS CHICAHUALES  #403, COL. DEPORTIVA ', '9639369', 'LUNES A VIERNES DE 8:30 AM A 7:30 PM.', 'INSTANCIA DE LA JUVENTUD ', 'juventudjesusmaria@gmail.com', 'NINGUNA ', 'NINGUNA ', 0),
(61, 15, 'Carta de Identidad Persona Menor de Edad', '3675', 'Publico en General', 'Carta de Identidad Persona Menor de Edad', '50.00', '1 día habil', '3 meses', 'Sindicatura Municipal', 'Emiliano Zapata no.109', '4499650088 ext. 1014', '8.00 a 16.00 horas', 'Sindicatura Municipal', 'sindico.municipal@jesusmaria.gob.mx', 'Un testigo debe ser Padre ó Madre', 'Bando de Policía y Buen Gobierno', 1),
(62, 15, 'Carta de Identidad Persona Extranjera', '003', 'Publico en General', 'Carta de Identidad Persona Extranjera', '50.00', '1 día habil', '3 meses', 'Sindicatura Municipal', 'Emiliano Zapata no.109', '4499650088 ext. 1014', '8.00 a 16.00 horas', 'Sindicatura Municipal', 'sindico.municipal@jesusmaria.gob.mx', 'Un testigo debe ser Familiar Directo', 'Bando de Policía y Buen Gobierno', 1),
(63, 15, 'Carta de Identidad Mayor de Edad', '001', 'Publico en General', 'Carta de Identidad Mayor de Edad', '50.00', '1 día habil', '3 meses', 'Sindicatura Municipal', 'Emiliano Zapata no.109', '4499650088 ext. 1014', '8.00 a 16.00 horas', 'Sindicatura Municipal', 'sindico.municipal@jesusmaria.gob.mx', 'Ninguno', 'Bando de Policía y Buen Gobierno', 1),
(64, 4, 'Informe para el pago de infracción por infringir la Ley de Movilidad.', 'SSPVM01', 'Toda persona que cometa una infracción.', 'Pago de infracción.', 'Según corresponda', 'Inmediata', 'Ninguna', 'Depto. de accidentes, peritajes y pago de infracciones.', 'Calle Saucedo casi esq. con Hernández', '963-95-77', 'De Lunes a Viernes de 8.30 a 16.00 hrs.', 'Depto. accidentes, peritajes y pago de infracciones', 'secretaria.seguridad.publica@jesusmaria.gob.mx', 'Ninguna', 'Ley de Ingresos Sección V Art. 56 Incisos A, B, C, Ley de Vialidad del Estado de Art Ags: Art.64 Transitorio , Art. 2do.', 1);
INSERT INTO `tramites` (`id`, `id_secretaria`, `nombre`, `clave`, `usuarios`, `documento_obtenido`, `costo`, `tiempo`, `vigencia`, `oficina`, `domicilio`, `telefono`, `horario`, `resolucion`, `email`, `observaciones`, `fundamento`, `tipo`) VALUES
(65, 6, 'CONSTANCIA MUNICIPAL DE COMPATIBILIDAD URBANISTICA', 'SEDATUM02', 'PÚBLICO EN GENERAL', 'CONSTANCIA MUNICIPAL DE COMPATIBILIDAD URBANÍSTICA', 'VARIABLE', '10 DIAS HABILES', '3 AÑOS', 'VENTANILLA ÚNICA SEDATUM', 'EMILIANO ZAPATA NÚM. 306, ZONA CENTRO, JESÚS MARÍA, AGS.', '965-00-88 EXT.2108', 'DE LUNES A VIERNES DE 8:30 A 16:00 HRS.', 'VENTANILLA ÚNICA SEDATUM', 'sedatum@jesusmaria.gob.mx', 'COSTOS DE LA CONSTANCIA MUNICIPAL DE COMPATIBILIDAD URBANÍSTICA.\nUSO HABITACIONAL\nPara predios hasta 90 m2 $152.00\nPara predios de 90 a 150 m2 $260.00\nPara predios de 150 a 300 m2 $503.00\nPara predios de 300 a 800 m2 $606.00\nPara predios mayores a 800 m2 $ 1.14\nUSO COMERCIAL, EQUIPAMIENTO Y SERVICIOS\nPara predio hasta 50 m2 $246.00\nPara predios de 50 a 150 m2 $494.00\nPara predios de 150 a 300 m2 $594.00\nPara predios de 300 a 800 m2 $658.00\nPara predios mayores a 800 m2 $ 1.14\nUSO INDUSTRIAL\nPara predios hasta 800m2 $425.00\nPara predios mayores de 800m2 $ 0.52\nUSO RÚSTICO Y/O AGRICOLA\nPara predios hasta 5,000m2 $ 915.00\nPara predios de 5,001 a 10,000m2 $1,827.00\nPara predios mayores de 10,000, m2 $ 0.17\nPara uso de suelo forestal por m2 $ 0.08\nPasa uso de suelo conservación-preservación por m2 $ 0.06\n\nPara uso de suelo zona protegida por m2 $ 0.06\nPara uso de suelo ecoturístico por m2 $ 0.17\nPara uso de suelo restauración y rehabilitación ambiental por m2 $ 0.06\n Para uso de mixto (habitacional y comercial) por m2 $ 1.70\n\n- Renovación de Constancia Municipal de Compatibilidad Urbanística  sin cambio de uso de suelo 20% del costo actual, más el formato, debiendo presentar en original de la autorización anterior para su remplazo, en caso de no presentarla se cobrara el 100% del costo actual. La renovación con el mismo usos de suelo se emitirá siempre y cuando el respectivo Programa de desarrollo Urbano Municipal establezca las mismas condiciones.\n- En caso de reexpedición de la Constancia Municipal de Compatibilidad Urbanística por actualización de datos a solicitud del interesado (cambio o corrección de nombre o denominación, corrección de medidas y/o superficie) se cobran el equivalente a 2 veces del valor diario de la Unidad de Medida y Actualización (UMA) vigente, debiendo presentar en original la autorización anterior para su reemplazo; en caso de no presentarla se cobrará el 100% del costo actual.\n- La cancelación de las constancias de alineamiento y compatibilidad urbanística vigente, se realizarán a petición por escrito del interesado, sin costo, pero sin reembolso de los derechos pagados.\n- La constancia de compatibilidad urbanística que se soliciten por utilidad pública para la ampliación de vialidades, apertura de calles o cualquier otra obra pública de naturaleza análoga, se expedirán sin costo, siempre y cuando se reúnan todos los requisitos establecidos en el  Bando y Policía y Gobierno de Jesús María.', 'ARTÍCULO 16 Y 19 FRACCIÓN I DE LA LEY DE INGRESOS DEL MUNICIPIO DE JESÚS MARÍA, AGUASCALIENTES, DE ACUERDO AL EJERCICIO FISCAL DEL AÑO 2020.\n\nARTÍCULO 143 DEL CÓDIGO DE ORDENAMIENTO TERRITORIAL, DESARROLLO URBANO Y VIVIENDA PARA EL ESTADO DE AGUASCALIENTES.\nARTÍCULO 135. DEL CÓDIGO DE ORDENAMIENTO TERRITORIAL, DESARROLLO URBANO Y VIVIENDA PARA EL ESTADO DE AGUASCALIENTES.\nARTÍCULO 141. DEL CÓDIGO DE ORDENAMIENTO TERRITORIAL, DESARROLLO URBANO Y VIVIENDA PARA EL ESTADO DE AGUASCALIENTES.\n ARTÍCULO 63 Y 84 DEL REGLAMENTO DE DESARROLLO AGRARIO, TERRITORIAL Y URBANO PARA EL MUNICIPIO DE JESÚS MARÍA, AGUASCALIENTES, PUBLICADO EN EL PERIÓDICO OFICIAL DEL ESTADO DE AGUASCALIENTES EL 31/05/19.', 1),
(66, 6, 'SOLICITUD PARA INSTALACIÓN DE ANUNCIOS', 'SEDATUM01', 'PÚBLICO EN GENERAL', 'LICENCIA O PERMISO', 'VARIABLE', '10 DIAS HABILES', '1 AÑO', 'VENTANILLA ÚNICA SEDATUM', 'EMILIANO ZAPATA NÚM. 306, ZONA CENTRO, JESÚS MARÍA, AGS.', '965-00-88 EXT.2108', 'DE LUNES A VIERNES DE 8:30 A 16:00 HRS.', 'VENTANILLA ÚNICA SEDATUM', 'sedatum@jesusmaria.gob.mx', 'COSTOS DE LOS ANUNCIOS PUBLICITARIOS \nAnuncios Permanentes\n(Vigencia de un año)\nPantalla electrónica $ 581.00\nAnuncio estructural $ 235.00\nAdosados a fachadas o predios sin construir $ 125.00\nPublicidad móvil $ 312.00\nAnuncios semiestructurales ( tipo valla, cartelera\nde piso, cartelera de azotea, tipo bandera adosada\na fachadas) $ 129.00\nOtros (toldos, voladizos) $ 404.00\nMantas y lonas con medidas no mayor a 6m2\n(por unidad) sobre propiedad privada. $ 1,005.00\nMantas y lonas con medidas mayor a 6m2\n(por unidad) sobre propiedad privada. $ 1,507.00\nColocación de pendones en propiedad\nprivada con medida no mayor a 1.20 a 60m\n(por unidad) $ 3,989.00 \n\nAnuncios Temporales\n(Todos aquellos que no excedan de 30 días naturales)\n\nRotulados en eventos públicos ( por unidad) $ 666.00\nMantas y lonas con medidas no mayores a 6 metros\ncuadrados ( por unidad) sobre propiedad $ 938.00\nVolantes por mes $ 467.00\nPublicidad sonora por mes $ 280.00\nColocación de pendones en propiedad privada con\nmedidas no mayor a 1.20m por 0.60m ( por unidad) $ 703.00\nVolantes por día $ 77.00\nPublicidad sonora por día $ 48.00\nOtros como carpas, módulos, inables, edecanes\npromotores, entre otros,(por mes y por unidad) $ 1,045.00\nOtros carpas, módulos, inables, entre otros\n(por día y por unidad) $ 260.00\nMantas y lonas con medidas mayores a 6m2\n( por unidad) sobre propiedad privada $ 890.00\n\nAnuncios colocados en mobiliario y\nequipamiento urbano\n(Vigencia de un año)\n\nCasetas telefónicas $ 976.00\nParaderos de autobús con ventana\npublicitaria (por cada ventana) $ 732.00\nDepósitos de basura con ventana\npublicitara (por cada ventana) $ 609.00\nBuzones (por cada ventana) $ 609.00\nBolerías ( por metro cuadrado) $ 327.00\nPuestos de periódico y revistas\n(por metro cuadrado) $ 327.00\nPuentes peatonales por metro\ncuadrado del anuncio $ 609.00\nPuentes vehiculares y pasos a desnivel\npor metro cuadrado $ 327.00\nExpedición o refrendo de credencial\npara el padrón de anunciante $ 166.00\nInforme previo para instalación de\nanuncio publicitario $ 179.00\nA LOS PRECIOS INDICADOS ANTERIORMENTE DEBERA\nSUMARALE EL COSTO DEL FORMATO DE $25.00\n', 'LEY DE INGRESOS DEL MUNICIPIO DE JESÚS MARÍA, AGUASCALIENTES, DE ACUERDO AL EJERCICIO FISCAL DEL AÑO 2020.\n\nARTÍCULOS 242,243,244,245 Y 247 DEL CÓDIGO DE ORDENAMIENTO TERRITORIAL, DESARROLLO URBANO Y VIVIENDA PARA EL ESTADO DE AGUASCALIENTES.\nARTÍCULO 595, 597 Y 598 DEL REGLAMENTO DE DESARROLLO AGRARIO, TERRITORIAL Y URBANO PARA EL MUNICIPIO DE JESÚS MARÍA, AGUASCALIENTES, PUBLICADO EN EL PERIÓDICO OFICIAL DEL ESTADO DE AGUASCALIENTES EL 31/05/19.\n\n\n', 1),
(67, 4, 'Informe para la liberaciónde vehículo detenido por infracción', 'SSPVM02', 'Público en General.', 'Recuperar Vehículo', 'Variable', 'Inmediato', 'Ninguna', 'Secretaría de Seguridad Pública', 'Calle Hernández S/N Esq. Saucedo', ' 963 95 77', 'De Lunes a Viernes de 8.30 a 16.00 hrs.', 'Secretaría de Segurida Pública', 'secretaria.seguridad.publica@jesusmaria.gob-mx', 'Ninguna', 'Art. 21 de La Constitución Política de los Estados Unidos Mexicanos\nArt. 1, 2 y 3  de la Ley del Sistema Nacional de Seguridad Pública\n', 1),
(68, 17, 'PERMISOS PARA LA VENTA Y CONSUMO DE BEBIDAS ALCOHÓLICAS EN EVENTOS ESPECIALES Y ESPECTÁCULOS PÚBLICOS', 'SHAM05', 'PÚBLICO EN GENERAL', 'PERMISO PARA VENTA Y CONSUMO DE BEBIDAS ALCOHÓLICAS', 'VARIABLE', '24 HORAS', 'VARIABLE', 'SECRETARÍA DEL H. AYUNTAMIENTO Y DIRECCIÓN GENERAL DE GOBIERNO', 'EMILIANO ZAPATA No. 109, CENTRO, JESÚS MARÍA, AGS.', '965 00 88 EXT 1044', '8:30 A 16:00 HRS', 'SECRETARÍA DEL H. AYUNTAMIENTO Y DIRECCIÓN GENERAL DE GOBIERNO', 'yazbek_0106@hotmail.com', 'a) Juegos de béisbol profesional o bailes en parque de béisbol ($3,024.00 por día).\nb) Espectáculos en el Auditorio Municipal ($5,752.00 por día).\nc) Lienzo Charro ($2,881.00 por día).\nd) Peleas de gallos durante la Feria de los Chicahuales y/o fiestas patronales  con Permiso Federal ($3,243.00).\ne) Espectáculos o eventos públicos en las Canchas o Unidades Deportivas ($6,856.00 por día).\nf) Por degustaciones de bebidas alcohólicas ($173.00).\ng) Juegos de fútbol y béisbol en comunidades y sector aficionado ($316.00).\nh) Carreras de caballos durante la Feria de los Chicahuales y/o Fiestas Patronales con Permiso Federal ($ 3,307.00).\ni) Venta de bebidas alcohólicas en Fiestas Patronales ($327.00).\nj) Por venta y consumo de bebidas alcohólicas en bailes públicos con fines de lucro ($4,411.00 por evento).\nk) Por venta y Consumo de bebidas alcohólicas en bailes públicos sinfines de lucro ($2,057.00 por evento).', 'Ley de Ingresos del Municipio de Jesús María, Aguascalientes, para el Ejercicio Fiscal  de año 2020, Artículo 36.', 1),
(69, 17, 'SERVICIOS DE EXPEDICIÓN DE CERTIFICADOS, CERTIFICACIONES, LEGALIZACIONES, CONSTANCIAS, ACTAS Y COPIAS DE DOCUMENTOS', 'SHAM06', 'PÚBLICO EN GENERAL', 'CERTIFICADOS, CERTIFICACIONES, LEGALIZACIONES, CONSTANCIAS, ACTAS Y COPIA DE DOCUMENTOS', 'VARIABLE', '24 HORAS', 'VARIABLE', 'SECRETARÍA DEL H. AYUNTAMIENTO Y DIRECCIÓN GENERAL DE GOBIERNO', 'EMILIANO ZAPATA No. 109, CENTRO, JESÚS MARÍA, AGS.', '965 00 88 EXT 1044', '8:30 A 16:00 HORAS', 'SECRETARÍA DEL H. AYUNTAMIENTO Y DIRECCIÓN GENERAL DE GOBIERNO', 'yazbek_0106@hotmail.com', 'a) Por cada certificación o constancia sobre documentos, actas, datos y anotaciones por legajo de 1 a 20 fojas ($74.00). Por cada foja adicional ($18.00).\nb) Por solicitud para organización de espectáculos ($232.00).\nc) Por expedición de copias fotostáticas certificadas ($31.00).\nd) Por cada copia simple de documentos ($10.00).\ne) Por expedición de copias de planos de la Cabecera Municipal o localidades ($74.00).\nf) Por foto credencialización para ambulantes y tianguis ($100.00).\ng) Por constancias y certificaciones catastrales de no adeudo ($189.00)\nh) Por búsqueda de documentos con emisión de copia, de 1 a 10 hojas ($109.00).\ni) Expedición de constancia de antigüedad en el servicio público ($120.00).\nj) Expedición de constancia de No antecedentes policiales ($130.00).\nk) Por expedición de carta de identidad ($50.00).\nl) Por expedición de carta de residencia ($50.00).\nm) Por reposición de concesiones de usos de panteones ($182.00).\nn) Por expedición de constancia de identificación de ganado, de 1 a 10 animales ($22.00), de 11 a 30 animales ($35.00) y de 31 animales en adelante ($76.00).\nñ) Expedición de Título de Fierro para herrar ganado ($384.00).\no) Por reposición de Título de Fierro para herrar ganado ($259.00).\np) Impresión de plano municipal medida 60x90 (blanco y negro) ($679.00).\nq) Impresión de plano municipal medida doble carta blanco y negro ($24.00).\nr) Supervisión y visto bueno de las obras de urbanización de los desarrollos habitacionales amunicipalizar, costo depende del territorio y/o número de viviendas del mismo ($2,270.00 a $4,542.00).\ns) Valoración de daños ocasionados en vías públicas en accidentes viales ($603.00).\nt) Venta de bases de licitación ($552.00).\nu) Por revalidación anual de Títulos de Fierro para herrar ganado ($171.00).\n', 'Ley de Ingresos del Municipio de Jesús María, Aguascalientes, para el Ejercicio Fiscal del año 2020, artículo 54.', 0),
(70, 6, 'SOLICITUD DE INFORME DE COMPATIBILIDAD URBANÍSTICA', 'SEDATUM03', 'PÚBLICO EN GENERAL', 'INFORME DE COMPATIBILIDAD URBANÍSTICA', 'VARIABLE', '10 DÍAS HÁBILES', '1 AÑO ', 'VENTANILLA ÚNICA SEDATUM', 'EMILIANO ZAPATA NÚM. 306, ZONA CENTRO, JESÚS MARÍA, AGS.', '965-00-88 EXT. 2108', 'DE LUNES A VIERNES DE 8:30 A 16:00 HRS.', 'VENTANILLA ÚNICA SEDATUM', 'sedatum@jesusmaria.gob.mx', 'COSTOS DE INFORME DE COMPATIBILIDAD URBANÍSTICA\n\nPara uso habitacional predios menores a 5,000 m2 $151.00\nPara uso de suelo comercial, industrial y de servicios $189.00\npredios menores a 5,000 m2\nPara uso de suelo de fraccionamientos habitacionales,\nespeciales, mixtos y/o comercial en predios mayores\na 5,000 m2 $453.00\nPara usos de suelo agrícola o rustico $375.00\nA LOS PRECIOS INDICADOS DEBERA SUMARLE EL COSTO DEL\nFORMATO DE $ 25.00 PESOS\nLos costos de los tramites antes mencionados son conforme a los\nArtículos 16 y 19 fracción II de la Ley de Ingresos del Municipio para\nel ejercicio fiscal del año 2020.\n\nAntes de comprar, rentar o tramitar la constancia de compatibilidad\nurbanística de un predio o finca, ASEGURE QUE EL USO DE SUELO\nQUE PRETENDE DARLE SEA COMPATIBLE MEDIANTE ESTE INFORME,\nsolo se requiere llenar el formato y realizar el pago correspondiente.\n\nDicho informe tendrá una vigencia de un año contado a partir de la\nfecha de su expedición, a efecto de que sean sustituidos, en su caso,\npor la Constancia de compatibilidad urbanística, previo al cumplimiento de los requisitos que se establecen en el COTEDUVI y demás disposiciones jurídicas aplicables.', 'LEY DE INGRESOS DEL MUNICIPIO DE JESÚS MARÍA, AGUASCALIENTES PARA EL EJERCICIO FISCAL DEL AÑO 2020.\nARTÍCULOS 135,136,141,142,143 DEL CÓDIGO DE ORDENAMIENTO TERRITORIAL, DESARROLLO URBANO Y VIVIENDA PARA EL ESTADO DE AGUASCALIENTES.\nARTÍCULO 79,81 DEL REGLAMENTO DE DESARROLLO AGRARIO, TERRITORIAL Y URBANO PARA EL MUNICIPIO DE JESÚS MARÍA, AGUASCALIENTES, PUBLICADO EN EL PERIÓDICO OFICIAL DEL ESTADO DE AGUASCALIENTES EL 31/05/19.', 1),
(71, 17, 'PROGRAMA DE PROTECCIÓN CIVIL Y SIMULACROS', 'SHAM07', 'EMPRESAS PARTICULARES, PRIVADO Y PÚBLICO EN GENERAL ', 'PROGRAMA DE PROTECCIÓN CIVIL Y SIMULACROS', 'VARIABLE', 'VARIABLE', 'VARIABLE', 'DIRECCIÓN DE PROTECCIÓN CIVIL', 'CARRETERA A LOS ARQUITOS No. 312, COL. VISTA HERMOSA, JESÚS MARÍA, AGS.', '963 99 21', '8:00 A 16:00 HRS', 'DIRECCIÓN DE PROTECCIÓN CIVIL', 'proteccioncivil_jesusmaria@outlook.com', '1.- Evaluación de programas internos ($936.00).\n2.- Evaluación de programas específicos($ 832.00).\nEvaluación de simulacros ($104.00)', 'Ley de Ingresos del Municipio de Jesús María, Aguascalientes, para el Ejercicio Fiscal del año 2020, artículo 55, fracción I.', 0),
(72, 6, 'LICENCIA DE CONSTRUCCIÓN', 'SEDATUM04', 'PÚBLICO EN GENERAL', 'LICENCIA DE CONSTRUCCIÓN', 'VARIABLE', '10 DÍAS HÁBILES', 'VARIABLE DE ACUERDO A LOS METROS CUADRADOS ', 'VENTANILLA ÚNICA SEDATUM', 'EMILIANO ZAPATA NÚM. 306, ZONA CENTRO, JESÚS MARÍA, AGS.', '965-00-88 EXT. 2108', 'DE LUNES A VIERNES DE 8:30 A 16:00 HRS.', 'VENTANILLA ÚNICA SEDATUM', 'sedatum@jesusmaria.gob.mx', 'REQUISITOS PARA LICENCIA DE CONSTRUCCIÓN\n\nLICENCIA DE CONSTRUCCIÓN EN PLANTA BAJA:\nclaros menores a 4 mts.,supercie menor a 60 m2 y barda perimetral\nmenor a 2.5 mts. de altura\n Aplica del número 1 al 11 y 16\nLICENCIA DE CONSTRUCCIÓN EN PLANTA BAJA:\nclaros mayores a 4 mts.,supercie mayor a 60m2, barda mayor a 2.5 mts.\nde altura y muros de contención\n Aplica del número 1 al 16\nLICENCIA DE CONSTRUCCIÓN PLANTA ALTA:\nclaros menores a 4mts., supercie menor a 18 m2, muro sobre muro y\nbardas menores a 2.5 mts. de altura\n Aplica del numero 1 al 11 Y 16\nLICENCIA DE CONSTRUCCIÓN PLANTA ALTA:\nclaros mayores a 4mts., supercie mayor a 18 m2, y bardas mayores a\n2.5 mts. de altura\n Aplica del numero 1 al 16\nNOTA: SE PAGARÁ EL 50% DEL COSTO DE LOS M2 MANIFESTADOS EN\nFORMATO POR EL SOLICITANTE AL INGRESAR EL TRÁMITE POR\nVENTANILLA ÚNICA Y EL SALDO RESTANTE YA ANALIZADO EN EL\nPROYECTO SERÁ LIQUIDADO PREVIO A LA EXPEDICIÓN DE LA LICENCIA\nDE CONSTRUCCIÓN.\n(Art. 27 Ley de Ingresos del Municipio ejercicio scal 2020). \n\nNOTA: SE PAGARÁ EL 50% DEL COSTO DE LOS M2 MANIFESTADOS EN\nFORMATO POR EL SOLICITANTE AL INGRESAR EL TRÁMITE POR\nVENTANILLA ÚNICA Y EL SALDO RESTANTE YA ANALIZADO EN EL\nPROYECTO SERÁ LIQUIDADO PREVIO A LA EXPEDICIÓN DE LA LICENCIA\nDE CONSTRUCCIÓN.\n(Art. 27 Ley de Ingresos del Municipio ejercicio scal 2020). \n\nCOSTOS DE LA LICENCIA DE CONSTRUCCIÓN\n(TARIFA POR METRO CUADRADO DE CONSTRUCCIÓN)\n\nI. HABITACIONALES\nTipo interés social hasta 60m2  $ 15.10\nTipo interes social y popular hasta 60m2 $ 22.28\nTipo popular de 60m2 hasta 120m2  $ 30.47\nTipo popular mayor a 120m2 $ 38.69                                                                        \nTipo medio $46.76\nTipo residencial $ 50.41\n\nII. ESPECIALES\n\nCampestre $ 50.41\nGranja de explotación agropecuaria $ 50.41\nComerciales y cualquier otro distinto a la descripción anterior $55.09\nCementerio $ 55.09\n\nIII.  USOS INDUSTRIALES Y OTROS\n\nNaves y bodegas industriales techada en lamina $ 32.82\nNave bodegas industriales techada otro material $ 55.09\nInstituciones de culto religioso $ 34.00\n\n- Para el caso de condominios horizonatales, verticales o mixtos y desarrollos especiales, se aplicará las mismas tarifas señaladas en las Fracciones I y II, las cuales dependerán de la zonificación establecida conforme a los Programas de Desarrollo vigentes.\n- Por la demolición y/o construcción de banquetas, gurniciones y/o cisternas se cobrará el equivalente a una vez el valor diario de la Unidad de Medida y Actualización (UMA) vigente por metro cuadrado (aplica únicamente para la conexión a redes de servicio)\n- Los derechos que se causen por reexpedición de la licencia se cobrarán conforme a lo siguiente:\nPor la reespedición de licencia por cambio de perito, respecto de licencia de construcción vigente, se pagará la cuota de $352.00 cada vez que se solicite, debiendo presentar la autorización anterior para su reemplazo (formato, planos, memorias, bitácoras firmadas por el o los peritos responsables). \nBardas hasta 2.5 mts. de altura por metro lineal $ 10.55\nBardas de 2.5 mts. a 5.00 mts. de altura por metro lineal $ 21.09\nBarda mayor a 5.00 mts altura por metro lineal $ 2.67\nMuro de contención cualquiera que sea su longitud hasta 2mts. de altura $ 12.90\nMuro de contención cualquiera que sea su longitud altura de 2.00 mts. a 5.00mts de altura   $ 23.44\nMuro de contención cualquiera que sea su longitud altura mas de 5.00mts  $ 29.30\n\n- Por las renovaciones y Revalidaciones será a razón de: \n1. Por Licencia de construcción 50% sobre el costo actual calculado.\n2. Por Demolición 50% sobre el costo original calculado. \n\nA LOS PRECIOS INDICADOS ANTERIORMENTE DEBERA SUMARLE\nEL COSTO DEL FORMATO DE $ 3 6 . 0 0 ,\n\n\n\n', 'ARTÍCULOS 163 AL 169 Y 172 AL 174 DEL CÓDIGO DE ORDENAMIENTO TERRITORIAL, DESARROLLO URBANO Y VIVIENDA PARA EL ESTADO DE AGUASCALIENTES\nLEY DE INGRESOS DEL MUNICIPIO DE JESÚS MARÍA, AGUASCALIENTES, DE ACUERDO AL EJERCICIO FISCAL DEL AÑO 2020.\nARTÍCULO 27 DE LA LEY DE INGRESOS DEL MUNICIPIO DE JESÚS MARÍA, AGUASCALIENTES DEL EJERCICIO FISCAL DEL AÑO 2020.\n\nARTÍCULOS 173,175,176,177,179 Y 180 DEL REGLAMENTO DE DESARROLLO AGRARIO, TERRITORIAL Y URBANO PARA EL MUNICIPIO DE JESÚS MARÍA, AGUASCALIENTES, PUBLICADO EN EL PERIÓDICO OFICIAL DEL ESTADO DE AGUASCALIENTES EL 31/05/19.', 1),
(73, 4, 'Reporte de situaciòn de mergencias.', 'SSPVM03', 'Público en General', 'Atención a la situación de emergencia', 'Ninguno', 'Inmediato', 'Ninguna', 'Secretaría de Seguridad Publica', 'Hernández s/n esq. saucedo', '9637577', 'De Lunes a Domingo las 24 Hrs.', 'Secretaria de Seguridad Publica', 'secretaria.seguridad.publica@jesusmaria.gob.mx', 'Ninguna', 'Art. 21 de la Constitución Política  De los Estados Unidos Mexicanos', 0),
(74, 6, 'NÚMERO OFICIAL', 'SEDATUM05', 'PÚBLICO EN GENERAL', 'ASIGNACIÓN DE NÚMERO OFICIAL', 'VARIABLE', 'INMEDIATA', 'NINGUNA', 'VENTANILLA ÚNICA SEDATUM', 'EMILIANO ZAPATA NÚM. 306, ZONA CENTRO, JESÚS MARÍA, AGS.', '965-00-88 EXT. 2108', 'DE LUNES A VIERNES DE 8:30 A 16:00 HRS.', 'VENTANILLA ÚNICA SEDATUM', 'sedatum@jesusmaria.gob.mx', 'COSTO DEL TRAMITE\n\na) en zona urbana $147.00\nb) en zona rural $53.00\n\n', '- ARTÍCULO 211, DEL CÓDIGO DE ORDENAMIENTO TERRITORIAL DESARROLLO URBANO Y VIVIENDA PARA EL ESTADO DE AGUASCALIENTES.\n- ARTÍCULO 17 DE LA LEY DE INGRESOS DEL MUNICIPIO DE JESÚS MARÍA, AGUASCALIENTES PARA EL EJERCICIO FISCAL DEL AÑO 2020.\n\nARTÍCULOS 746,747,759,760,761,762 Y 765 DEL REGLAMENTO 331 DEL REGLAMENTO DE DESARROLLO AGRARIO, TERRITORIAL Y URBANO PARA EL MUNICIPIO DE JESÚS MARÍA, AGUASCALIENTES, PUBLICADO EN EL PERIÓDICO OFICIAL DEL ESTADO DE AGUASCALIENTES EL 31/05/19.', 1),
(75, 6, 'TERMINACIÓN DE OBRA', 'SEDATUM06', 'PÚBLICO EN GENERAL', 'CARTA DE TERMINACIÓN DE OBRA', '172.0', '5 DÍAS HÁBILES', 'NINGUNA', 'VENTANILLA ÚNICA SEDATUM', 'EMILIANO ZAPATA NÚM. 306, ZONA CENTRO, JESÚS MARÍA, AGS.', '965-00-88 EXT. 2108', 'DE LUNES A VIERNES DE 8:30 A 16:00 HRS.', 'VENTANILLA ÚNICA SEDATUM', 'sedatum@jesusmaria.gob.mx', 'COSTO DE LA TERMINACIÓN DE LA OBRA \nCOSTO DEL TRAMITE $172.00\n\n\nNOTA : AL INGRESAR  LA TERMINACIÓN DE OBRA SE SOLICITA TAMBIÉN PRESENTAR COPIA DEL PLANO DEL PROYECTO AUTORIZADO O PROPORCIONAR AL SUPERVISOR EL PLANO AL MOMENTO DE ACUDIR A LA SUPERVISOR A LA OBRA.', ' \n- ARTÍCULOS  222,163 NUMERAL XXII  DEL CÓDIGO DE ORDENAMIENTO TERRITORIAL, DESARROLLO URBANO Y VIVIENDA PARA EL ESTADO DE AGUASCALIENTES.\n- ARTÍCULO 26 FRACCIÓN III DE LA LEY DE INGRESOS DEL MUNICIPIO DE JESÚS MARÍA, AGUASCALIENTES PARA EL EJERCICIO FISCAL DEL AÑO 2020.\n\nARTÍCULO 182 DEL REGLAMENTO DE DESARROLLO AGRARIO, TERRITORIAL Y URBANO PARA EL MUNICIPIO DE JESÚS MARÍA, AGUASCALIENTES, PUBLICADO EN EL PERIÓDICO OFICIAL DEL ESTADO DE AGUASCALIENTES EL 31/05/19.', 1),
(76, 17, 'DICTAMEN ANUAL DE APROBACIÓN DE MEDIDAS DE SEGURIDAD', 'SHAM08', 'PERSONAS FÍSICAS Y MORALES CON ACTIVIDAD EMPRESARIAL', 'DICTAMEN DE MEDIDAS DE SEGURIDAD', 'VARIABLE CONFORME A NIVEL DE RIESGO', 'VARIABLE', 'ANUAL', 'DIRECCIÓN DE PROTECCIÓN CIVIL', 'CARRETERA A LOS ARQUITOS No.312, COL. VISTA HERMOSA, JESÚS MARÍA, AGS.', '963 99 21', '8:30 A 16:00 HRS', 'DIRECCIÓN DE PROTECCIÓN CIVIL', 'proteccioncivil_jesusmaria@outlook.com', 'Inmuebles con riesgo ordinario:\n1.- Pequeña empresa de 1 a 8 personas ($364.00).\n2.- Mediana empresa de 9 a 20 personas ($884.00).\nGrande empresa 21 personas en adelante ($1,976.00).\nInmuebles con riesgo alto\n1.- Micro empresa 1 a 3 personas ($1,040.00).\n2.- Pequeña empresa de 4 a 8 personas ($1,248.00).\n3.- Mediana empresa de 9 a 20 personas ($1,768.00).\n4.- Grande empresa 21 personas en adelante ($2,600.00).', 'Ley de Ingresos del Municipio de Jesús María, Aguascalientes, para el Ejercicio Fiscal del año 2020, artículo 55, fracción II.', 0),
(77, 6, 'SUBDIVISIÓN Y FUSIÓN', 'SEDATUM07', 'PÚBLICO EN GENERAL', 'SUBDIVISIÓN Y FUSIÓN ', 'VARIABLE', '10 DÍAS HÁBILES', '1 AÑO', 'VENTANILLA ÚNICA SEDATUM', 'EMILIANO ZAPATA NÚM. 306, ZONA CENTRO, JESÚS MARÍA, AGS.', '965-00-88 EXT.2108', 'DE LUNES A VIERNES DE 8:30 A 16:00 HRS.', 'VENTANILLA ÚNICA SEDATUM', 'sedatum@jesusmaria.gob.mx', 'COSTOS DE LA SUBDIVISIÓN Y FUSIÓN\n                                                    Costo/m2 Cuota mínima\nTipo popular o interés social          $ 8.32       $215.00\nTipo medio                                     $11.44      $665.00\nTipo residencial Subdivisión          $15.00      $782.00\n                           Fusión                  $14.56      $783.00\n\nTipo industrial, selectivo,\nmicropoductivo                              $ 7.28   $665.00\nTipo especial cementerio               $ 6.24   $665.00\nTipo comercial                               $ 7.28   $665.00\nTipo campestre                               $ 8.32    $665.00\nTipo rustico Subdivisión                $ 0.20   $528.00\n                     Fusión                       $ 0.20   $549.00\nTipo forestal Subdivisión               $0.10    $528.00\n Fusión                                            $0.09    $549.00\nTipo Conservación Subdivisión     $0.07    $528.00\n preservación Fusión                       $0.07     $549.00\nTipo zona protegida Subdivisión    $0.07   $528.00\n Fusión                                             $0.07 $549.00\nTipo ecoturístico Subdivisión          $0.19 $528.00\n                            Fusión                  $0.20 $549.00\nTipo restauración y Subdivisión     $0.07 $528.00\nrehabilitación Fusión                      $0.70 $549.00\nTipo mixto                                       $11.14 $665.00\nTipo granjas de Subdivisión            $5.00 $614.00\nexplotación agropecuaria Fusión     $5.20 $665.00\n\nPor Renovaciones y Revalidación será a razón de:\n1. Por Subdivisiones 20% sobre el costo actual calculado,\n2. Por Fusión 20% sobre el costo actual calculado.\n\nPor Rectificación será a razón de : \n1. Por Subdivisiones 20% sobre el costo actual calculado.\n2. Por Fusión 20% sobre el costo actual calculado . Debiendo presentar en original la autorización anterior para su reemplazo; encaso de no presentarla se cobrará el 100% del costo actual, más el 100% del excedente de m2 no considerado en proyecto original, si fuera el caso.\n\n\nA LOS PRECIOS INDICADOS DEBERA SUMARLE EL COSTO DEL\nFORMATO DE $ 25.00 PESO', '- ARTÍCULO 416, CÓDIGO DE ORDENAMIENTO TERRITORIAL, DESARROLLO URBANO Y VIVIENDA PARA EL ESTADO DE AGUASCALIENTES.\n\n- LEY DE INGRESOS DEL MUNICIPIO DE JESÚS MARÍA, AGUASCALIENTES DE ACUERDO AL EJERCICIO FISCAL VIGENTE DEL AÑO 2020.\n- ARTÍCULO 69,93 DEL  REGLAMENTO DE DESARROLLO AGRARIO, TERRITORIAL Y URBANO PARA EL MUNICIPIO DE JESÚS MARÍA, AGUASCALIENTES, PUBLICADO EN EL PERIÓDICO OFICIAL DEL ESTADO DE AGUASCALIENTES EL 31/05/19.', 1),
(78, 6, 'LICENCIA DE URBANIZACIÓN', 'SEDATUM08', 'PÚBLICO EN GENERAL', 'LICENCIA DE URBANIZACIÓN', 'VARIABLE', '10 DÍAS HÁBILES', 'VARIABLE', 'VENTANILLA ÚNICA SEDATUM', 'EMILIANO ZAPATA NÚM. 306, ZONA CENTRO, JESÚS MARÍA, AGS.', '965-00-88 EXT.2108', 'DE LUNES A VIERNES DE 8:30 A 16:00 HRS.', 'VENTANILLA ÚNICA SEDATUM', 'sedatum@jesusmaria.gob.mx', 'COSTOS DE LA LICENCIA DE URBANIZACIÒN\n\nPARA AUTORIZACIÓN DE LICENCIA DE CONSTRUCCIÓN PARA REALIZAR OBRAS DE URBANIZACIÓN EN UNA SUBDIVISIÒN O EN PREDIOS QUE REQUIEREN DE DICHAS OBRAS, SERÁ CON BASE A LA SUPERFICIE DE METROS CUADRADOS DE VIALIDAD POR EL VALOR DEL METRO CUADRADO DE CONSTRUCCIÓN DE ESAS OBRAS Y QUE ES DE $902.00 POR EL 1% SIENDO EL RESULTADO DE ELLO LOS DERECHOS A PAGAR.\nARTÍCULO 27 FRACCIÓN XII DE LA LEY DE INGRESOS DEL MUNICIPIO DE JESÚS MARÍA, AGUASCALIENTES, DE ACUERDO AL EJERCICIO FISCAL DEL AÑO 2020.\n', '- ARTÍCULO 27 DE LA LEY DE INGRESOS DEL MUNICIPIO DE JESÚS MARÍA, AGUASCALIENTES DE ACUERDO AL EJERCICIO FISCAL DEL AÑO 202.\n- ARTÍCULO 603 FRACCIÓN 1V, DEL CÓDIGO DE ORDENAMIENTO TERRITORIAL, DESARROLLO URBANO Y VIVIENDA PARA EL ESTADO DE AGUASCALIENTES.\n- ARTÍCULO 97 FRACCION IV, ARTÍCULO 145, DEL  REGLAMENTO DE DESARROLLO AGRARIO, TERRITORIAL Y URBANO PARA EL MUNICIPIO DE JESÚS MARÍA, AGUASCALIENTES, PUBLICADO EN EL PERIÓDICO OFICIAL DEL ESTADO DE AGUASCALIENTES EL 31/05/19.\n- ARTÍCULO 108 DEL REGLAMENTO DE DESARROLLO AGRARIO, TERRITORIAL Y URBANO PARA EL MUNICIPIO DE JESÚS MARÍA, AGUASCALIENTES, PUBLICADO EN EL PERIÓDICO OFICIAL DEL ESTADO DE AGUASCALIENTES EL 31/05/19.\n- ARTÍCULO 179 Y 180 REGLAMENTO DE DESARROLLO AGRARIO, TERRITORIAL Y URBANO PARA EL MUNICIPIO DE JESÚS MARÍA, AGUASCALIENTES, PUBLICADO EN EL PERIÓDICO OFICIAL DEL ESTADO DE AGUASCALIENTES EL 31/05/19.\n', 1),
(79, 17, 'DICTAMEN TÉCNICO', 'SHAM09', 'PERSONAS FÍSICAS O MORALES', 'DICTAMEN TÉCNICO', 'VARIABLE', 'VARIABLE', 'NINGUNA', 'DIRECCIÓN DE PROTECCIÓN CIVIL', 'CARRETERA A LOS ARQUITOS No. 312, COL. VISTA HERMOSA, JESÚS MARÍA, AGS.', '963 99 21 ', '8:30 A 16:00 HRS', 'DIRECCIÓN  DE PROTECCIÓN CIVIL', 'proteccioncivil_jesusmaria@outlook.com', '1.- Aprobación de planos arquitectónicos en materia de Protección Civil ($1,040.00)\n2.- Revisión y aprobación de análisis de riesgo ($1,040.00).\n3.- Acuerdo de medidas de seguridad en instalación de circos ($520.00).\nAcuerdos de conformidad respecto a las medidas de seguridad y ubicación para la quema artificios pirotécnicos.\n1.- En quemas menores a 10kg ($208.00).\n2.- En quemas iguales o superiores a 10 Kg ($364.00).\nRegistro anual del permiso general expedido por la Secretaria de la Defensa Nacional ($520.00).', 'Ley de Ingresos del Municipio de Jesús María, Aguascalientes, para el Ejercicio Fiscal del año 2020, artículo 55, fracción III.', 0),
(80, 5, 'Prepa en Linea', 'SDSM13', 'Publico en general (con secundaria terminada)', 'Certificado de Preparatoria ', 'Gratuito', 'Inmediata', '2 años 3 meses', 'Secretaria de Desarrollo Social', 'Emiliano Zapata # 109 Zona Centro Jesús María Ags., ', '(449) 965 0088 Ext. 1037', 'De lunes a viernes de 8:30 a 16:00 hrs.', 'Dirección de Apoyo a la Educación ', 'artemisadelga.1971@gmail.com', 'Inscripciones y apoyo de equipos de computo en las Casas de Ciencia del Municipio, en las siguientes direcciones, Casa de Ciencia Maravillas Av. Guadalupe # 265 Maravillas, Casa de Ciencia Margaritas bajo el kiosco del Jardín Principal de Delegación  Margaritas, Casa de Ciencia Venadero Cristóbal Colón s/n Delegación Venadero, Casa de Ciencia Jesús María Carmen Briseño # 300 Martínez Andrade Jesús María, Vagón de Ciencia y Tecnología Av. la Tomatina # 109 Primaria Francisco González Bocanegra La Tomatina', 'Por disposición del Instituto de Educación de Aguascalientes a través de la Dirección de Educación Media Superior se da aconocer No. de oficio PA/JD/2019/010 ', 0),
(81, 17, 'CAPACITACIONES - PROTECCIÓN CIVIL', 'SHAM10', 'PARTICULARES, EMPRESAS INSTITUCIONES Y SOCIEDADES CIVILES.', 'CONSTANCIA DE PARTICIPACIÓN', 'VARIABLE', 'VARIABLE', 'NINGUNA', 'DIRECCIÓN DE PROTECCIÓN CIVIL', 'CARRETERA A LOS ARQUITOS No. 312, COL. VISTA HERMOSA, JESÚS MARÍA, AGS.', '963 99 21', '8:30 A 16:00 HRS', 'DIRECCIÓN DE PROTECCIÓN CIVIL', 'proteccioncivil_jesusmaria@outlook.com', '1.- Primeros Auxilios ($260.00).\n2.- Uso y manejo de extintores ($156.00).\n3.- Guía para la elaboración de simulacros ($104.00).\n4.- Formación de brigadas ($104.00).\n5.- Búsqueda y rescate ($104.00).\n6.- Señalización ($104.00).\n7.- Instituciones educativas públicas, dependencias, instancias del sector público y asociaciones civiles sin fines de lucro, sin costo.', 'Ley de Ingresos del Municipio de Jesús María, Aguascalientes, para el Ejercicio Fiscal del año 2020, artículo 55, fracción IV.', 0),
(82, 17, 'SERVICIOS ESPECIALIZADOS EN MATERIA DE PROTECCIÓN CIVIL', 'SHAM11', 'PROMOTORES DE EVENTOS PÚBLICOS', 'ACUERDO DE MEDIDAS DE SEGURIDAD', 'VARIABLE', 'VARIABLE', 'VRIABLE', 'DIRECCIÓN DE PROTECCIÓN CIVIL', 'CARRETERA A LOS ARQUITOS No. 312, COL. VISTA HERMOSA, JESÚS MARÍA, AGS.', '963 99 21', '8:30 A 16:00 HRS', 'DIRECCIÓN DE PROTECCIÓN CIVIL', 'proteccioncivil_jesusmaria@outlook.com', '1.- Acuerdo de medidas de seguridad en materia de protección civil para eventos públicos masivos con concentración de De 1 a 100 personas ($477.00).\n2.- De 101 a 500 personas ($676.00).\n3.- Más de 501 personas ($884.00)', 'Ley de Ingresos del Municipio de Jesús María, Aguascalientes, para el Ejercicio Fiscal del año 2020, artículo 55, fracción V.', 0),
(83, 17, 'CONSULTORES - PROTECCIÓN CIVIL', 'SHAM12', 'PÚBLICO EN GENERAL', 'REGISTRO DE CONSULTOR', 'VARIABLE', 'VARIABLE', 'NINGUNA', 'DIRECCIÓN DE PROTECCIÓN CIVIL', 'CARRETERA A LOS ARQUITOS No. 312, COL. VISTA HERMOSA, JESÚS MARÍA, AGS.', '963 99 21', '8:30 A 16:00 HRS', 'DIRECCIÓN DE PROTECCIÓN CIVIL', 'proteccioncivil_jesusmaria@outlook.com', '1.- Registro de consultor ($1,040.00).\n2.- Registro de capacitador ($1,040.00).\n3.- Utilización de instalaciones propiedad de Municipio para la impartición y practica de cursos ($650.00).\n', 'Ley de Ingresos del Municipio de Jesús María, Aguascalientes, para el Ejercicio Fiscal del año 2020, artículo 55, fracción VI.', 0),
(84, 7, 'Dictamen de Control Ambiental para uso del suelo comercial, industrial y de servicios', 'SMASM01', 'Comerciantes y empresarios', 'Control Ambiental', 'Más información en observaciones', '5 días', '3 años (en conjunto con la Constancia de Compatibilidad Municipal)', 'Secretaría de Medio Ambiente y Sustentabilidad', 'Niágara #406, Centro, Jesús María, Ags.', '361 9042 y 361 9041', 'De lunes a viernes de 8:30 a 16:00 hrs.', 'Secretaría de Medio Ambiente y Sustentabilidad', 'secretaria.ambiente@jesusmaria.gob.mx', 'Costos: Micro empresa 1 a 10 personas $165.00; Pequeña empresa de 11 a 50 personas $331.00; Mediana empresa de 51 a 150 personas $496.00; Grande empresa de 151 personas en adelante $661.00. ', 'Artículo 41 Fracción I y IX del Bando de Policía y Gobierno del Municipio de Jesús María.\nArtículo 31 Fracción 2 de la Ley de Ingresos del Municipio de Jesús María, Aguascalientes, para el Ejercicio Fiscal del año 2020.', 1),
(85, 7, 'Dictaminación técnica para derribo, poda y trasplante de árboles', 'SMASM02', 'Público en general', 'Permiso', '$56.00', '5 días', '30 días', 'Secretaría de Medio Ambiente y Sustentabilidad', 'Niágara #406, Centro, Jesús María, Ags.', '361 9042 y 361 9041', 'De lunes a viernes de 8:30 a 16:00 hrs.', 'Secretaría de Medio Ambiente y Sustentabilidad', 'secretaria.ambiente@jesusmaria.gob.mx', '*La dictaminación técnica para el permiso para derribo, poda y/o trasplante de árboles en vía pública, no tiene costo.', 'Artículo 41 Fracción X del Bando de Policía y Gobierno del Municipio de Jesús María\nArtículo 31 Fracción 5 de la Ley de Ingresos del Municipio de Jesús María, Aguascalientes, para el Ejercicio Fiscal del año 2020. \n', 1),
(86, 7, 'Divulgación en materia de educación y cultura ambiental', 'SMASM03', 'Público en general', 'Constancia de participación', 'Sin costo', 'Inmediato', 'No aplica', 'Secretaría de Medio Ambiente y Sustentabilidad', 'Niágara #406, Centro, Jesús María, Ags.', '361 9042 y 361 9041', 'De lunes a viernes de 8:30 a 16:00 hrs.', 'Secretaría de Medio Ambiente y Sustentabilidad', 'secretaria.ambiente@jesusmaria.gob.mx', 'Ninguna', 'Artículo 41 Fracción XXXIII del Bando de Policía y Gobierno del Municipio de Jesús María', 0),
(87, 5, 'Curso de alfabetización digital', 'SDSM03', 'Nivel primaria - secundaria', 'Reconocimiento', 'Gratuito', 'Inmediata', 'Ninguna', 'Secretaría de Desarrollo Social', 'Emiliano Zapata # 109 Zona Centro Jesús María Ags.,', '(449) 965 0088 Ext. 1053', 'De lunes a viernes de 8:30 a 16:00 hrs.', 'Dirección de Apoyo a la Educación', 'artemisadelga.1971@gmail.com', 'Los cursos se impartirán en las Casas de Ciencia del Municipio en las siguientes direcciones Casa de Ciencia Maravillas Av. Guadalupe # 265 Maravillas, Casa de Ciencia Margaritas bajo el Agora del Jardín Principal Delegación Margaritas, Casa de Ciencia Venadero Cristóbal Colón s/n Delegación Venadero, Casa de Ciencia Jesús María Carmen Briseño # 300 Martínez Andrade Jesús María, Vagón de Ciencia y Tecnología Av. la Tomatina # 109 Primaria Francisco González Bocanegra La Tomatina', 'Ninguno', 0),
(88, 7, 'Gestión de denuncias ambientales', 'SMASM04', 'Público en general', 'Solución o información sobre hecho denunciado', 'Sin costo', 'De 1 a 20 días', 'No aplica', 'Secretaría de Medio Ambiente y Sustentabilidad', 'Niágara #406, Centro, Jesús María, Ags.', '361 9042 y 361 9041', 'De lunes a viernes de 8:30 a 16:00 hrs.', 'Secretaría de Medio Ambiente y Sustentabilidad', 'secretaria.ambiente@jesusmaria.gob.mx', 'Ninguna', 'Artículo 41 Fracción XI del Bando de Policía y Gobierno del Municipio de Jesús María', 1),
(89, 7, 'Opinión y observación a Manifiestos de Impacto Ambiental e Informe Preventivo sobre proyectos', 'SMASM05', 'Secretaría de Sustentabilidad, Medio Ambiente y Agua del Estado de Aguascalientes', 'Opinión sobre proyecto', 'Sin costo', 'Hasta 15 días hábiles', 'No aplica', 'Secretaría de Medio Ambiente y Sustentabilidad', 'Niágara #406, Centro, Jesús María, Ags.', '361 9042 y 361 9041', 'De lunes a viernes de 8:30 a 16:00 hrs.', 'Secretaría de Medio Ambiente y Sustentabilidad', 'secretaria.ambiente@jesusmaria.gob.mx', 'Opiniones y observaciones a Manifiestos de Impacto Ambiental e Informes Preventivos solicitados por el Estado, sobre proyectos u obras que quieran realizarse en el territorio municipal. ', 'Artículo 41 Fracción XV del Bando de Policía y Gobierno del Municipio de Jesús María', 1),
(90, 7, 'Permiso municipal de relleno de escombro', 'SMASM06', 'Público en general', 'Permiso para funcionamiento como relleno de escombro', 'Más información en observaciones', '2 días', '1 año', 'Secretaría de Medio Ambiente y Sustentabilidad', 'Niágara #406, Centro, Jesús María, Ags.', '361 9042 y 361 9041', 'De lunes a viernes de 8:30 a 16:00 hrs.', 'Secretaría de Medio Ambiente y Sustentabilidad', 'secretaria.ambiente@jesusmaria.gob.mx', 'Costo: De menos de 5,000 metros cuadrados por año $1,124.00; De más de 5,000 metros cuadrados ´pr año $2,073.00.', 'Artículo 41 Fracción VIII del Bando de Policía y Gobierno del Municipio de Jesús María\nArtículo 31 Fracción 3 de la Ley de Ingresos del Municipio de Jesús María, Aguascalientes, para el Ejercicio Fiscal del año 2020. \n', 1),
(91, 7, 'Permiso provisional para el funcionamiento de ladrilleras', 'SMASM07', 'Titular de la ladrillera', 'Permiso de funcionamiento', '$1,508.00', '2 días', '1 año', 'Secretaría de Medio Ambiente y Sustentabilidad', 'Niágara #406, Centro, Jesús María, Ags.', '361 9042 y 361 9041', 'De lunes a viernes de 8:30 a 16:00 hrs.', 'Secretaría de Medio Ambiente y Sustentabilidad', 'secretaria.ambiente@jesusmaria.gob.mx', 'Ninguna.', 'Artículo 41 Fracción VI del Bando de Policía y Gobierno del Municipio de Jesús María\nArtículo 31 Fracción 1 de la Ley de Ingresos del Municipio de Jesús María, Aguascalientes, para el Ejercicio Fiscal del año 2020. \n', 1),
(92, 7, 'Programa anual de forestación, reforestación y donación de plantas.', 'SMASM08', 'Público en general', 'Reforestación', 'Más información en observaciones', '4 días', 'No aplica', 'Secretaría de Medio Ambiente y Sustentabilidad', 'Niágara #406, Centro, Jesús María, Ags.', '361 9042 y 361 9041', 'De lunes a viernes de 8:30 a 16:00 hrs.', 'Secretaría de Medio Ambiente y Sustentabilidad', 'secretaria.ambiente@jesusmaria.gob.mx', 'Costos: De 1 a 2 individuos, sin costo; de 3 a 8 individuos $150.00; de 9 a 19 individuos $320.00; de 20 a 50 individuos $636.00.', 'Artículo 31 Fracción 9 de la Ley de Ingresos del Municipio de Jesús María, Aguascalientes, para el Ejercicio Fiscal del año 2020. ', 0),
(93, 19, 'VOLUNTARIADO', 'DIFM01', 'VOLUNTARIADO', 'PROMOVER CURSOS ', 'NO APLICA', 'VARIAVLE', 'INDEFINIDO', 'VOLUNTARIADO', 'PASEO DE LOS CHACHUALES NO. 403 COL DEPORTIVA JESUS MARIA AGS.', '9650224', 'DE 8:30 A 4:30', 'VOLUNTARIADO', 'marthadif@hotmail.com', 'Estudio Previo de las necesidades a las  comunidades a visitar', 'Ley de Asistencia social del Estado de Aguascalientes', 0),
(94, 7, 'Resolución ambiental en parte de accidente de tránsito', 'SMASM09', 'Público en general', 'Resolución', '$150.00', '5 días', 'No aplica', 'Secretaría de Medio Ambiente y Sustentabilidad', 'Niágara #406, Centro, Jesús María, Ags.', '361 9042 y 361 9041', 'De lunes a viernes de 8:30 a 16:00 hrs.', 'Secretaría de Medio Ambiente y Sustentabilidad', 'secretaria.ambiente@jesusmaria.gob.mx', 'Además de la resolución, se deben reparar los daños ambientales ocasionados.', 'Artículo 41 Fracción XLVII del Bando de Policía y Gobierno del Municipio de Jesús María\nArtículo 31 Fracción 7 de la Ley de Ingresos del Municipio de Jesús María, Aguascalientes, para el Ejercicio Fiscal del año 2020. \n', 1),
(95, 19, 'CURSO DE TANATOLOGIA', 'DIFM02', 'Público en General', 'CONSTANCIA', '$ 500.00', 'Inmediata', '8 Sesiones', 'DIF Municipal', 'Paseo de los Chicahuales No, 403 Col. Deportiva', '9650224', 'De 8:30 am a 4:00 pm', 'Fortalecimiento Familiar ', 'marthadif@hotmail.com', 'Taller que ofrece ayudar a todos aquellos que hayan tenido cualquier tipo de pérdida, además aquellos que tienen derecho primario y fundamental a morir con dignidad, a familiares del enfermo terminal, así como personas con ideas suicidas', 'Ley de Asistencia Social del Estado de Aguascalientes', 0),
(96, 19, 'MERCADIFTO', 'DIFM03', 'Público en General', 'Productos a Bajo Precio', 'Variable', 'Semanal', 'Miércoles Ciudadano', 'Miércoles Ciudadano', 'Variable en base a la agenda del miércoles Ciudadano', '9650224', '8:30 am a 2:00 pm.', 'Voluntariado', 'marthadif@hotmail.com', 'Ninguna', 'Ninguno', 0),
(97, 5, 'Taller de Divulgación de Ciencia', 'SDSM07', 'Nivel Primaria - Secundaria', 'Experimentos', 'Gratuito', 'Inmediata', 'Ninguna', 'Secretaría de Desarrollo Social', 'Emiliano Zapata # 109 Zona Centro Jesús María Ags.,', '(449) 965 0088 Ext. 1053', 'De lunes a viernes de 8:00 a 16:00 hrs.', 'Dirección de Apoyo a la Educación', 'artemisadelga.1971@gmail.com', 'Los talleres se impartirán en Escuelas y Casas de Ciencia del Municipio, en las siguientes direcciones, Casa de Ciencia Maravillas Av. Guadalupe # 265 Maravillas, Casa de Ciencia Margaritas bajo el Agora del Jardín Principal Delegación Margaritas, Casa de Ciencia Venadero Cristóbal Colón s/n Delegación Venadero, Casa de Ciencia Jesús María Carmen Briseño # 300 Martínez Andrade Jesús María, Vagón de Ciencia y Tecnología Av. la Tomatina # 109 Primaria Francisco González Bocanegra La Tomatina\n', 'Ninguno', 0),
(98, 2, 'ACT. DE FACTIBILIDAD DE AGUA POTABLE Y ALCANTARILLADO', 'CAPASM01', 'Publico en General', 'Actualización de Factibilidad', 'Variable', '15-22 días hábiles ', '90 días naturales', 'Ventanilla de Atención al Público', 'Av. San Lorenzo N° 109-B, Zona Centro, Jesús María, Ags.', '965-09-94, 965-05-88 y 963-68-43', 'De Lunes a Viernes de 8:00 a 16:00', 'Departamento Jurídico (CAPAS)', 'capas@jesusmaria.gob.mx', NULL, NULL, 1),
(99, 10, 'Becate -Fomento al Auto Empleo', 'SDEM13', 'Desempleados', 'Apoyo en Especie', 'Gratuito', 'Por convovatoria', '12 meses', 'Unidad Regional del Servicio Nacional del Empleo', 'Carmen Briseño No. 302, Col. Benigno Chàvez, Jesùs Marìa', '9636028', 'De Lunes a Viernes de 8:30 a 16:00 hrs.', 'Unidad Regional del Servicio Nacional de Empleo', 'bolsa.trabajo@jesusmaria.gpb.mx', 'Apoyo en especie que consiste en mobiliario, maquinaria, equipo y/o herramienta a los solicitantes de empleo seleccionados que cuenten con las competencias y experiencia laboral, para desarrollar una iniciativa de ocupaciòn por cuenta propia.', 'La presente modalidad se rige a traves de la convocatoria anual que emite la Secretaria del Trabajo y Previnciòn  Social del Estado de Aguascalientes, para que la poblaciòn que se encuentre en busqueda de empleo y tenga interes en vincularse a un puesto de trabajo o actividad productiva, asi como a los empleadores que requieran cubrir sus necesidades de personal, a particiàr en el programa de apoyo al empleo . (PAE)', 0),
(100, 19, 'CURSO  CRIANZA POSITIVA', 'DIF', 'Público en General', 'CONSTANCIA', 'Gratuito', 'Inmediato', '4 Semanas', 'DIF MUNICIPAL', 'Av. Paseo de los Chicahuales No. 403 Col Deportiva Jesús María, Ags., ', '9650224', 'De Lunes a Viernes de 8:30 a 16:00 hrs. ', 'Fortalecimiento Familiar ', 'marthadif@hotmail.com', 'Curso donde se obtendrán herramientas para modificar conductas no deseadas en niños de edad preescolar y primaria.', 'Ley de Asistencia Social del Estado de Aguascalientes', 0),
(101, 19, 'DONACION', 'DIFM05', 'Público en General', 'Cualquier producto sin costo que sea necesario para la ciudadanía', 'Gratuito', 'Inmediata', 'Indefinido', 'Voluntariado', 'Av. Paseo de los Chicahuales No. 403, Col Deportiva, Jesús María, Ags. ', '9650224', 'De 8:40 a 16:00 horas', 'Voluntariado', 'marthadif@hotmail.com', 'Tener un Registro contar con el apoyo de la Ciudadanía para detectar los lugares claves en dónde  se necesite el apoyo', 'Ley de Asistencia Social del Estado de Aguascalientes  ', 0),
(102, 19, 'CURSO  CRIANZA POSITIVA', 'DIFM4', 'Público en General', 'CONSTANCIA', 'Gratuito', 'Inmediato', '4 Semanas', NULL, NULL, NULL, NULL, NULL, NULL, NULL, NULL, 0),
(103, 19, 'EFECTOS DEL DIVORCIO', 'DIFM06', 'Población Perteneciente al Municipio de Jesús María', 'Constancia de Asistencia', 'Gratuito', 'inmediata', 'indefinida', 'Jefatura de Jurídico', 'Av. Paseo De Los Chicahuales No. 403, Col Deportiva, Jesús María, Ags. ', '9650224', '8:30 a 16:00 Hrs. ', 'Oficina de Jurídico', 'marthadif@hotmail.com', 'Plática de efectos del del Divorcio, apoya  una psicóloga', 'Ley de Asistencia Social del Estado de Aguascalientes', 0),
(104, 19, 'PLATICAS PREMATRIMONIALES', 'DIFM07', 'CIUDADANÍA EN GENERAL', 'CONSTANCIA', '$ 160.00 Por Pareja', 'Primer Lunes de Cada Mes ', '6 meses ', 'Trabajo Social ', 'Av. Paseo de Los Chicahuales No. 403 Col Deportiva Jesús maría, Ags.', '9650224', '8:30 a 16:00 horas ', 'Trabajo Social', 'marthadif@hotmail.com', NULL, NULL, 1);

-- --------------------------------------------------------

--
-- Estructura de tabla para la tabla `usuarios`
--

CREATE TABLE `usuarios` (
  `id_usuario` int(11) NOT NULL,
  `nombre_usuario` varchar(100) COLLATE utf8_spanish2_ci NOT NULL,
  `usuario` varchar(25) COLLATE utf8_spanish2_ci NOT NULL,
  `password` varchar(50) COLLATE utf8_spanish2_ci NOT NULL,
  `id_secretaria` int(11) NOT NULL,
  `id_tipo_usuario` int(11) NOT NULL,
  `status` date DEFAULT NULL
) ENGINE=InnoDB DEFAULT CHARSET=utf8 COLLATE=utf8_spanish2_ci;

--
-- Volcado de datos para la tabla `usuarios`
--

INSERT INTO `usuarios` (`id_usuario`, `nombre_usuario`, `usuario`, `password`, `id_secretaria`, `id_tipo_usuario`, `status`) VALUES
(1, 'SUPER ADMIN', 'admin', 'e10adc3949ba59abbe56e057f20f883e', 1, 1, NULL),
(2, 'Secretaría Particular', 'sparticular', 'e5dee84f405b9366f44feef46df9704d', 1, 2, NULL),
(3, 'CAPAS', 'capas', '7e42526c484b35b86c7e499fb35a642b', 2, 2, NULL),
(4, 'Secretaría de Finanzas', 'finanzas', '1506fd99fb348b4bfa4e5ab6b44dc0f6', 3, 2, NULL),
(5, 'Secretaría de Seguridad Pública y Vialidad', 'sspv', 'f8e71a764f4915dad7447ebe553fef15', 4, 2, NULL),
(6, 'Secretaría de Desarrollo Social', 'sdeso', '36fa3a193d737e5ad86441e422ed5a78', 5, 2, NULL),
(7, 'Secretaría de Desarrollo Agrario, Territorial y Urbano Municipal', 'sedatum', '8ff1596bc5acbdaee38d29e2ae2df1c2', 6, 2, NULL),
(8, 'Secretaría de Medio Ambiente y Sustentabilidad', 'smas', '0149c3083ec080ee00b622bd2495525d', 7, 2, NULL),
(9, 'Secretaría de Obras Públicas', 'sop', 'a0531408b1aff94882eed50148e1e436', 8, 2, NULL),
(10, 'Secretaría de Auditoría Financiera y Fiscalización', 'saff', 'bc4cf7985df0ab5079ecdbd87c7bee79', 9, 2, NULL),
(11, 'Secretaría de Desarrollo Económico', 'sdesco', 'de55fbf50dab0c4f841f6020ed600e67', 10, 2, NULL),
(12, 'Instancia de la Mujer', 'insmu', 'c1d9e760f410b0de86305f5b0fe13bfa', 11, 2, NULL),
(13, 'Instancia del Deporte', 'insde', 'f060f2a89fb79ea767721ce14b349b0c', 12, 2, NULL),
(14, 'Instancia de Cultura', 'inscu', 'e6da8e51b4510f9c253957d20dfd3090', 13, 2, NULL),
(15, 'Instancia de Salud Pública', 'inssa', '6776b3dd95bba354801deda2cb769122', 14, 2, NULL),
(16, 'Sindicatura', 'sin', '76e14b695351a62780191bcf6604dda7', 15, 2, NULL),
(17, 'Secretaría de Servicios Públicos', 'sspub', 'bbd8f710bf52cdeac588b39fe05c3c04', 16, 2, NULL),
(18, 'Secretaría del H. Ayuntamiento', 'hayuntamiento', '695e5e1de0f5b63fb980188dea6a5939', 17, 2, NULL),
(19, 'Instancia de la Juventud', 'insju', 'b173a89eccaa803e080cda9d44595372', 18, 2, NULL),
(20, 'DIF', 'dif', '2a9480c6a9d2fac0dfaddbc42632af67', 19, 2, NULL);

--
-- Índices para tablas volcadas
--

--
-- Indices de la tabla `requisitos`
--
ALTER TABLE `requisitos`
  ADD PRIMARY KEY (`id`);

--
-- Indices de la tabla `secretarias`
--
ALTER TABLE `secretarias`
  ADD PRIMARY KEY (`id`);

--
-- Indices de la tabla `tramites`
--
ALTER TABLE `tramites`
  ADD PRIMARY KEY (`id`);

--
-- Indices de la tabla `usuarios`
--
ALTER TABLE `usuarios`
  ADD PRIMARY KEY (`id_usuario`);

--
-- AUTO_INCREMENT de las tablas volcadas
--

--
-- AUTO_INCREMENT de la tabla `requisitos`
--
ALTER TABLE `requisitos`
  MODIFY `id` int(11) NOT NULL AUTO_INCREMENT, AUTO_INCREMENT=389;

--
-- AUTO_INCREMENT de la tabla `secretarias`
--
ALTER TABLE `secretarias`
  MODIFY `id` int(11) NOT NULL AUTO_INCREMENT, AUTO_INCREMENT=20;

--
-- AUTO_INCREMENT de la tabla `tramites`
--
ALTER TABLE `tramites`
  MODIFY `id` int(11) NOT NULL AUTO_INCREMENT, AUTO_INCREMENT=105;

--
-- AUTO_INCREMENT de la tabla `usuarios`
--
ALTER TABLE `usuarios`
  MODIFY `id_usuario` int(11) NOT NULL AUTO_INCREMENT, AUTO_INCREMENT=21;
COMMIT;

/*!40101 SET CHARACTER_SET_CLIENT=@OLD_CHARACTER_SET_CLIENT */;
/*!40101 SET CHARACTER_SET_RESULTS=@OLD_CHARACTER_SET_RESULTS */;
/*!40101 SET COLLATION_CONNECTION=@OLD_COLLATION_CONNECTION */;
